Country Name,Happiness score_2020,upperwhisker_2020,lowerwhisker_2020,Logged GDP per capita_2020,Social support_2020,Healthy life expectancy_2020,Freedom to make life choices_2020,Generosity_2020,Perceptions of corruption_2020,Happiness score_2021,upperwhisker_2021,lowerwhisker_2021,Logged GDP per capita_2021,Social support_2021,Healthy life expectancy_2021,Freedom to make life choices_2021,Generosity_2021,Perceptions of corruption_2021,Happiness score_2022,upperwhisker_2022,lowerwhisker_2022,Logged GDP per capita_2022,Social support_2022,Healthy life expectancy_2022,Freedom to make life choices_2022,Generosity_2022,Perceptions of corruption_2022,Happiness score_2023,upperwhisker_2023,lowerwhisker_2023,Logged GDP per capita_2023,Social support_2023,Healthy life expectancy_2023,Freedom to make life choices_2023,Generosity_2023,Perceptions of corruption_2023,Internet Users_2020,Internet Users_2021,Internet Users_2022,Internet Users_2023,GDP_2020,GDP_2021,GDP_2022,GDP_2023,Education Expenditure_2020,Education Expenditure_2021,Education Expenditure_2022,Education Expenditure_2023,Healthcare Expenditure_2020,Healthcare Expenditure_2021,Healthcare Expenditure_2022,Healthcare Expenditure_2023,Unemployment Rate_2020,Unemployment Rate_2021,Unemployment Rate_2022,Unemployment Rate_2023,Life Expectancy_2020,Life Expectancy_2021,Life Expectancy_2022,Life Expectancy_2023,Population in Urban Areas_2020,Population in Urban Areas_2021,Population in Urban Areas_2022,Population in Urban Areas_2023
Finland,7.808700085,7.869766235,7.747633934,10.63926697,0.954329729,71.9008255,0.949172199,-0.059482019,0.195444584,7.842,7.904,7.78,10.775,0.954,72.0,0.949,-0.098,0.186,7.821,7.886,7.756,1.892,1.258,0.775,0.736,0.109,0.534,7.804,7.875,7.733,10.792,0.969,71.15,0.961,-0.019,0.182,92.2,92.8,93.0,93.5,48828.68469,53099.13514,50440.56022,52821.51143,6.634940147,6.538259983,0.0,0.0,9.63249588,9.83458328,9.6589222,0.0,7.759,7.617,6.719,7.151,81.93170732,81.88536585,81.18780488,81.68536585,23.59780908,23.76381448,23.89734825,23.95786752
Denmark,7.645599842,7.711244583,7.579955101,10.77400112,0.955990791,72.40250397,0.951444268,0.066201776,0.168489456,7.62,7.687,7.552,10.933,0.954,72.7,0.946,0.03,0.179,7.636,7.71,7.563,1.953,1.243,0.777,0.719,0.188,0.532,7.586,7.667,7.506,10.962,0.954,71.25,0.934,0.134,0.196,96.5,98.9,97.9,98.8,60985.48856,69727.98737,68091.31911,68453.87693,7.383540154,6.999929905,5.296434402,0.0,10.71854591,10.74728584,9.4758625,9.41784573,5.637,5.043,4.434,5.094,81.60243902,81.40487805,81.30487805,81.85365854,23.09023693,23.19736959,23.21061176,23.22206401
Switzerland,7.559899807,7.628527641,7.491271973,10.97993279,0.942846596,74.10244751,0.921336651,0.105911039,0.303728431,7.571,7.643,7.5,11.117,0.942,74.4,0.919,0.025,0.292,7.512,7.586,7.437,2.026,1.226,0.822,0.677,0.147,0.461,7.24,7.324,7.156,11.164,0.92,72.9,0.891,0.027,0.266,94.3,95.6,96.5,97.3,85897.78433,93664.77367,94394.51068,100631.8028,5.276760101,5.037089825,4.888244629,0.0,12.00404072,12.00465584,11.70653343,0.0,4.817,5.013,4.122,4.043,83.0,83.75121951,83.60487805,84.05609756,16.15338069,16.17053893,16.17416847,16.10624461
Iceland,7.504499912,7.621346951,7.387652874,10.77255917,0.974669576,73.0,0.948891878,0.246944219,0.711709738,7.554,7.67,7.438,10.878,0.983,73.0,0.955,0.16,0.673,7.557,7.651,7.464,1.936,1.32,0.803,0.718,0.27,0.191,7.53,7.625,7.434,10.896,0.983,72.05,0.936,0.211,0.668,99.5,99.7,99.8,99.8,59023.56635,69178.4047,75121.01523,79960.09615,8.58382988,8.217809677,7.139665127,0.0,9.67780685,9.78697014,9.28593922,8.99166012,5.478,6.029,3.789,3.518,83.06341463,83.16585366,82.1195122,82.60731707,0.0,0.0,0.0,0.0
Norway,7.487999916,7.55628109,7.419718742,11.08780384,0.952486575,73.20078278,0.955750287,0.13453263,0.263218194,7.392,7.462,7.323,11.053,0.954,73.3,0.96,0.093,0.27,7.365,7.44,7.29,1.997,1.239,0.786,0.728,0.217,0.474,7.315,7.402,7.229,11.088,0.943,71.5,0.947,0.141,0.283,94.6,99.0,99.0,99.0,68340.0181,93072.89251,109269.5206,87497.32893,8.372819901,6.96021986,3.968019724,0.0,11.42416382,9.8142643,7.94803333,0.0,4.424,4.359,3.231,3.572,83.2097561,83.16341463,82.5097561,83.11219512,19.35835746,19.52880007,19.62684761,19.67521524
Netherlands,7.448900223,7.503372192,7.394428253,10.81271172,0.93913883,72.30091858,0.908547819,0.20761244,0.364717126,7.464,7.518,7.41,10.932,0.942,72.4,0.913,0.175,0.338,7.415,7.471,7.359,1.945,1.206,0.787,0.651,0.271,0.419,7.403,7.46,7.346,10.942,0.93,71.55,0.887,0.213,0.379,91.3,92.1,92.5,97.0,53467.92774,60141.98809,59123.31856,64572.00596,5.423810005,5.506090164,5.052011013,0.0,11.22355747,11.12490749,10.10068321,0.0,3.82,4.209,3.526,3.537,81.35853659,81.3097561,81.61463415,81.91463415,12.37851102,12.37392663,12.31893801,12.26169186
Sweden,7.353499889,7.424519062,7.282480717,10.75879383,0.926311195,72.60076904,0.939144194,0.111614622,0.250880182,7.363,7.433,7.293,10.867,0.934,72.7,0.945,0.086,0.237,7.384,7.454,7.315,1.92,1.204,0.803,0.724,0.218,0.512,7.395,7.468,7.322,10.883,0.939,72.15,0.948,0.165,0.202,94.5,94.7,95.0,95.7,52653.75659,61174.96802,55296.93715,55567.08901,7.925610065,7.572199821,0.0,0.0,11.33296967,11.10180569,10.49857044,10.88682365,8.291,8.722,7.392,7.611,82.35609756,83.05609756,83.05853659,83.3097561,15.77058142,15.90438805,16.01086532,16.13481424
New Zealand,7.299600124,7.376952648,7.222247601,10.50094318,0.949118972,73.20262909,0.936217487,0.191598073,0.22113885,7.277,7.355,7.198,10.643,0.948,73.4,0.929,0.134,0.242,7.2,7.279,7.12,1.852,1.235,0.752,0.68,0.245,0.483,7.123,7.198,7.048,10.662,0.952,70.35,0.887,0.175,0.271,95.2,96.1,96.2,96.2,41850.92033,49689.49813,48760.03819,48654.90423,5.651490211,5.548220158,5.230120182,0.0,10.05994129,10.0194025,10.02858067,0.0,4.595,3.776,3.297,3.729,82.25609756,82.20731707,81.95853659,83.00487805,31.56190327,31.89192573,32.29057474,31.90123928
Austria,7.294199944,7.359595776,7.228804111,10.7428236,0.928045869,73.00250244,0.899989486,0.085429221,0.499954879,7.268,7.337,7.198,10.906,0.934,73.3,0.908,0.042,0.481,7.163,7.237,7.089,1.931,1.165,0.774,0.623,0.193,0.329,7.097,7.176,7.018,10.899,0.888,71.15,0.855,0.102,0.497,87.5,92.5,93.6,95.3,48716.40989,53648.71907,52176.66491,56033.57379,5.571269989,5.494110107,4.774471283,0.0,11.31641102,12.15228558,11.15729332,10.87779903,5.201,6.459,4.992,5.264,81.19268293,81.1902439,81.29512195,81.54146341,21.64375278,21.71677183,21.6772318,21.63077855
Canada,7.23210001,7.311294556,7.152905464,10.69236851,0.927176654,73.60160065,0.933913231,0.124770768,0.390843362,7.103,7.185,7.021,10.776,0.926,73.8,0.915,0.089,0.415,7.025,7.107,6.943,1.886,1.188,0.783,0.659,0.217,0.368,6.961,7.042,6.879,10.773,0.929,71.4,0.874,0.153,0.42,92.3,93.9,94.0,94.0,43537.8393,52886.66164,56256.80073,54220.3285,4.887949944,4.748600006,4.139571667,0.0,13.02419472,12.41920948,11.23432541,11.22370815,9.657,7.527,5.279,5.415,81.53512195,81.51682927,81.24536585,81.64658537,45.75532787,45.99396849,45.64991558,44.80212598
Australia,7.222799778,7.30480814,7.140791416,10.72059631,0.944854617,73.60453796,0.915431738,0.19046016,0.41516912,7.183,7.265,7.102,10.796,0.94,73.9,0.914,0.159,0.442,7.162,7.244,7.081,1.9,1.203,0.772,0.676,0.258,0.341,7.095,7.18,7.009,10.821,0.934,71.05,0.89,0.198,0.496,94.7,97.0,97.0,97.1,51791.54018,60607.77886,64997.01365,64835.91998,5.378280163,5.333209991,5.206776619,0.0,10.66040134,10.42525291,9.92687893,0.0,6.456,5.116,3.728,3.668,83.2,83.3,83.2,83.05121951,61.12562832,61.9236242,61.99539724,61.3278909
United Kingdom,7.164500237,7.237337589,7.091662884,10.60013485,0.93668282,72.30160522,0.834743679,0.263732493,0.435915917,7.064,7.138,6.99,10.707,0.934,72.5,0.859,0.233,0.459,6.943,7.018,6.867,1.867,1.143,0.75,0.597,0.289,0.329,6.796,6.877,6.714,10.704,0.882,70.3,0.852,0.253,0.454,94.8,96.2,96.3,96.3,40404.80622,46926.47574,46062.99141,49200.81015,5.439350128,5.904580116,4.959175587,0.0,11.96547699,12.01903439,11.05087757,10.872015,4.472,4.826,3.73,3.984,80.3317561,80.64731707,81.01121951,81.23809756,27.27429582,27.44645288,27.45495681,27.34766688
Israel,7.128600121,7.211929798,7.045270443,10.41752529,0.913571239,73.20025635,0.747580588,0.10259372,0.78085506,7.157,7.224,7.09,10.575,0.939,73.503,0.8,0.031,0.753,7.364,7.426,7.301,1.826,1.221,0.818,0.568,0.155,0.143,7.473,7.535,7.411,10.639,0.943,72.697,0.809,-0.023,0.708,90.1,90.3,91.9,87.0,44575.5719,52270.90402,54949.62156,52003.72007,6.478819847,6.184010029,6.456244469,0.0,7.70120192,7.67129993,7.34161806,0.0,4.169,4.812,3.695,3.596,82.64878049,82.5,82.7,83.19512195,57.82803225,57.8222144,57.62525765,56.81068129
Costa Rica,7.121399879,7.209239483,7.033560276,9.658156395,0.901545942,71.29985046,0.934738934,-0.10242971,0.786332428,7.069,7.179,6.96,9.88,0.891,71.4,0.934,-0.126,0.809,6.582,6.683,6.481,1.584,1.054,0.744,0.661,0.089,0.102,6.609,6.71,6.507,9.952,0.872,70.0,0.895,-0.07,0.768,80.5,82.7,82.6,85.4,12394.0494,12838.11854,13625.90085,16942.02681,6.62898016,6.248419762,0.0,0.0,7.82545757,7.61130476,7.18368196,0.0,16.432,15.139,11.325,8.325,79.725,78.05,79.316,80.799,27.8017488,28.07384128,28.36266533,28.63542927
Ireland,7.093699932,7.171832085,7.01556778,11.16097832,0.942081571,72.30078888,0.886982977,0.145784974,0.357184172,7.085,7.164,7.006,11.342,0.947,72.4,0.879,0.077,0.363,7.041,7.121,6.961,2.129,1.166,0.779,0.627,0.19,0.408,6.911,6.996,6.825,11.527,0.905,71.3,0.874,0.092,0.358,92.0,96.4,96.6,96.5,86622.50673,103961.9764,105234.5116,103887.8004,3.250819921,3.005980015,0.0,0.0,7.06342745,6.59614468,6.11978531,0.0,5.623,6.364,4.501,4.288,82.45609756,82.25365854,82.5097561,82.86097561,24.36985428,24.30158191,24.09366034,23.93119301
Germany,7.075799942,7.145595074,7.00600481,10.7328186,0.898874462,72.20201874,0.867371082,0.080179386,0.456422031,7.155,7.232,7.077,10.873,0.903,72.5,0.875,0.011,0.46,7.034,7.122,6.947,1.924,1.088,0.776,0.585,0.163,0.358,6.892,6.989,6.795,10.879,0.896,71.3,0.846,0.03,0.42,89.8,91.4,91.6,92.5,47379.76519,52265.65416,49686.11546,53940.40734,5.590380192,5.454889774,4.543890476,0.0,12.6902256,12.90171242,12.60513115,11.79903221,3.881,3.594,3.12,3.068,81.04146341,80.7902439,80.60804878,80.54146341,9.630831067,9.661285956,9.620804128,9.632185665
United States,6.939599991,7.032339573,6.846860409,10.92576885,0.914219022,68.29949951,0.842619538,0.149891734,0.699715316,6.951,7.047,6.856,11.023,0.92,68.2,0.837,0.098,0.698,6.977,7.065,6.888,1.982,1.182,0.628,0.574,0.22,0.177,6.894,6.986,6.802,11.048,0.919,65.85,0.8,0.137,0.689,90.3,91.3,92.2,93.1,64401.50744,71307.40173,77860.91129,82304.62043,5.399980068,5.428299904,0.0,0.0,18.8132534,17.5063858,16.49613953,0.0,8.055,5.349,3.65,3.638,76.9804878,76.32926829,77.43414634,78.38536585,46.40226702,46.7228266,46.85815889,46.88261394
Belgium,6.863500118,6.930866241,6.796133995,10.6736393,0.911632538,72.00164795,0.813582063,-0.078691199,0.612297952,6.834,6.901,6.767,10.823,0.906,72.199,0.783,-0.153,0.646,6.805,6.89,6.72,1.907,1.106,0.764,0.492,0.049,0.204,6.859,6.926,6.793,10.844,0.915,70.899,0.825,0.001,0.549,91.5,92.8,94.0,94.6,45906.28758,51658.23829,50822.25185,54690.09427,6.801859856,6.355519772,0.0,0.0,11.26481915,11.04724503,10.76192474,0.0,5.545,6.248,5.57,5.528,80.69512195,81.7902439,81.74878049,82.39756098,27.06791047,27.12970911,27.07359714,26.97117937
United Arab Emirates,6.790800095,6.870568752,6.711031437,11.1099987,0.849181116,67.08278656,0.941345513,0.123450845,0.594502211,6.561,6.637,6.484,11.085,0.844,67.333,0.932,0.074,0.589,6.576,6.66,6.492,1.998,0.98,0.633,0.702,0.204,0.25,6.571,6.656,6.486,11.145,0.826,66.243,0.942,0.096,0.584,100.0,100.0,100.0,100.0,37173.87541,43360.0211,49899.0653,49040.69475,3.984179974,3.894030094,0.0,0.0,5.82477045,5.30494308,4.67550945,0.0,4.294,3.105,2.872,2.151,81.936,79.083,80.487,82.909,64.31001555,64.43702408,62.43087205,61.09874223
Malta,6.772799969,6.856997967,6.688601971,10.53383827,0.93037951,72.19999695,0.924911439,0.214965805,0.658547282,6.602,6.688,6.516,10.674,0.931,72.2,0.927,0.133,0.653,6.447,6.535,6.359,1.838,1.169,0.789,0.679,0.174,0.166,6.3,6.388,6.212,10.661,0.923,71.6,0.886,0.119,0.729,86.9,87.5,91.5,92.1,31833.59638,38065.35435,36224.282,40182.43139,5.644871235,5.364799976,0.0,0.0,10.60137844,10.36362457,9.52376747,0.0,4.347,3.394,2.921,3.11,82.09756098,82.25853659,82.44878049,83.50731707,0.0,0.0,0.0,0.0
France,6.663799763,6.737450123,6.590149403,10.58422279,0.937103748,73.80193329,0.825467646,-0.130641967,0.583521128,6.69,6.762,6.618,10.704,0.942,74.0,0.822,-0.147,0.571,6.687,6.758,6.615,1.863,1.219,0.808,0.567,0.07,0.266,6.661,6.735,6.588,10.701,0.909,72.3,0.819,-0.1,0.553,84.7,86.1,85.3,86.8,39169.8606,43725.09995,41082.81193,44690.93454,5.659810066,5.430389881,0.0,0.0,12.07226849,12.29229355,11.8819046,0.0,8.009,7.874,7.308,7.335,82.17560976,82.32439024,82.12926829,82.92926829,22.79225741,22.83804986,22.89502177,22.95632434
Mexico,6.465000153,6.559319973,6.370680332,9.797797203,0.838665426,68.29902649,0.858709276,-0.175266623,0.806821585,6.317,6.42,6.213,9.859,0.831,68.597,0.862,-0.147,0.799,6.128,6.238,6.017,1.552,0.886,0.623,0.621,0.092,0.115,6.33,6.441,6.218,9.85,0.804,65.8,0.856,-0.094,0.768,71.5,75.6,78.6,81.2,8841.270751,10314.05067,11402.14104,13826.13066,4.500599861,4.249529839,0.0,0.0,6.0537405,5.89244318,5.72145176,0.0,4.44,4.019,3.256,2.765,70.449,69.75,73.973,75.069,41.53961748,41.80115954,42.03956428,42.2368628
Uruguay,6.440100193,6.529121399,6.351078987,9.948192596,0.92281127,69.00254822,0.892395437,-0.101103112,0.635994136,6.431,6.521,6.341,9.966,0.925,69.1,0.896,-0.092,0.59,6.474,6.562,6.386,1.615,1.18,0.672,0.665,0.103,0.265,6.494,6.583,6.404,10.037,0.913,67.5,0.895,-0.065,0.575,85.5,87.6,89.9,89.9,15757.5356,17881.81872,20818.61461,23019.42216,4.542920113,4.460659981,4.507329941,0.0,9.06924915,8.91666222,8.94532204,0.0,10.413,9.328,7.877,8.355,78.381,75.434,76.468,78.138,51.55647244,51.81230579,52.11702571,52.3717113
Saudi Arabia,6.406499863,6.517305851,6.295693874,10.79781246,0.874067068,66.30514526,0.854191244,-0.168695062,0.682619512,6.494,6.604,6.384,10.743,0.891,66.603,0.877,-0.149,0.684,6.523,6.637,6.409,1.87,1.092,0.577,0.651,0.078,0.18,6.463,6.581,6.344,10.715,0.884,64.399,0.894,-0.081,0.691,97.9,100.0,100.0,100.0,24338.83073,31920.76537,38510.22762,36156.84834,0.0,0.0,0.0,5.1146698,6.64630127,5.93034029,4.62462378,0.0,7.66,6.621,5.589,4.008,77.596,77.089,77.31,78.732,52.69005223,55.09193087,53.71749082,52.2128637
Spain,6.400899887,6.483808517,6.317991257,10.46292686,0.921125412,74.40270996,0.751989543,-0.050961714,0.765859902,6.491,6.574,6.408,10.571,0.932,74.7,0.761,-0.081,0.745,6.476,6.56,6.392,1.808,1.211,0.808,0.505,0.101,0.149,6.436,6.519,6.354,10.54,0.932,72.35,0.782,-0.066,0.711,93.2,93.9,94.5,95.4,27233.94265,30799.47759,30270.2687,33509.0128,4.895400047,4.865069866,4.315878868,0.0,10.73210335,10.30862141,9.73828793,0.0,15.532,14.781,12.917,12.179,82.23170732,83.17804878,83.13414634,83.88292683,25.76692867,25.91141004,25.89043358,25.72754438
Italy,6.38740015,6.47224474,6.302555561,10.48183632,0.889878571,73.60168457,0.66465199,-0.043460999,0.873404682,6.483,6.572,6.395,10.623,0.88,73.8,0.693,-0.084,0.866,6.467,6.57,6.363,1.834,1.052,0.801,0.412,0.085,0.059,6.405,6.511,6.298,10.634,0.882,72.05,0.711,-0.074,0.842,70.5,74.9,85.1,87.0,32091.48666,36852.54254,35653.90421,39065.42444,4.441359997,4.218289852,0.0,0.0,9.62485981,9.34389782,9.02753067,8.51808929,9.164,9.497,8.069,7.627,82.19512195,82.64634146,82.7,83.7,19.1394228,19.28011372,19.36147943,19.41158577
Singapore,6.377099991,6.442287445,6.311912537,11.39552116,0.910268962,76.80458069,0.926645339,0.029879224,0.109784193,6.377,6.46,6.293,11.488,0.915,76.953,0.927,-0.018,0.082,6.48,6.569,6.392,2.149,1.127,0.851,0.672,0.163,0.587,6.587,6.72,6.454,11.571,0.878,73.8,0.878,0.063,0.146,92.0,96.9,96.0,94.3,61410.07926,80056.12882,90299.06946,85412.23035,2.686990023,2.824709892,2.488919973,2.18787837,5.61608791,5.16690779,4.89702511,0.0,4.1,4.64,3.591,3.444,83.54390244,83.09268293,82.89512195,82.89512195,100.0,100.0,100.0,100.0
Brazil,6.375599861,6.455549717,6.295650005,9.56643486,0.896723807,66.48016357,0.799804807,-0.101812392,0.770601273,6.33,6.415,6.245,9.577,0.882,66.601,0.804,-0.071,0.756,6.293,6.384,6.202,1.462,1.044,0.615,0.546,0.131,0.134,6.125,6.252,5.997,9.582,0.836,65.749,0.801,-0.009,0.738,81.3,80.7,80.5,84.2,7074.193783,7972.53665,9281.333344,10377.58928,5.771500111,5.49698019,0.0,0.0,9.62326527,9.63646507,9.14277458,0.0,13.697,13.158,9.231,7.947,74.506,73.038,74.872,75.848,43.05981905,43.33583851,43.62212584,43.87326521
Slovenia,6.363399982,6.449328899,6.277471066,10.39232254,0.939575672,71.1029892,0.936142623,-0.080603383,0.817071021,6.461,6.546,6.376,10.529,0.948,71.4,0.949,-0.101,0.806,6.63,6.718,6.542,1.81,1.249,0.769,0.685,0.118,0.115,6.65,6.75,6.55,10.588,0.951,71.052,0.913,0.014,0.771,86.6,89.0,88.9,90.4,25392.06511,29187.36938,28373.83823,32610.11092,5.383739948,5.365260124,0.0,0.0,9.42807865,9.48055363,9.60507679,9.41330814,4.971,4.744,4.011,3.652,80.53170732,80.67560976,81.28292683,81.97804878,0.0,0.0,0.0,0.0
El Salvador,6.34829998,6.462466717,6.234133244,8.909075737,0.806092262,66.10826111,0.833805263,-0.121072978,0.754319906,6.061,6.188,5.933,9.054,0.762,66.402,0.888,-0.11,0.688,6.12,6.25,5.99,1.265,0.768,0.607,0.666,0.089,0.212,6.122,6.257,5.986,9.089,0.755,65.597,0.918,-0.108,0.62,54.6,61.8,65.5,67.7,3997.192796,4642.607431,5074.602102,5365.444914,3.660880089,3.577660084,3.256340027,3.172189951,8.95105076,10.12668991,9.84079742,0.0,5.008,4.327,2.999,2.992,70.244,69.941,71.969,72.099,17.73574973,17.70050491,17.68510485,17.68809045
Kosovo,6.325200081,6.427544117,6.222856045,9.204429626,0.820726514,63.88555527,0.861535907,0.190933764,0.922328293,6.372,6.487,6.257,9.318,0.821,63.813,0.869,0.257,0.917,6.455,6.571,6.339,1.362,0.949,0.569,0.599,0.309,0.035,6.368,6.485,6.25,9.359,0.844,65.195,0.861,0.259,0.866,0.0,0.0,0.0,0.0,4310.890655,5270.429653,5290.947472,6221.203652,0.0,0.0,0.0,0.0,0.0,0.0,0.0,0.0,0.0,0.0,0.0,0.0,74.212,74.981,77.623,78.033,0.0,0.0,0.0,0.0
Panama,6.304800034,6.421860695,6.187739372,10.03423405,0.902094483,69.60301208,0.880366504,-0.153927714,0.851588905,6.18,6.323,6.036,10.35,0.896,69.652,0.872,-0.166,0.856,6.309,6.464,6.154,1.715,1.107,0.709,0.592,0.049,0.051,6.265,6.424,6.105,10.305,0.896,68.95,0.855,-0.133,0.878,70.0,77.0,77.7,78.0,13290.56083,15509.80691,17332.43607,18686.4051,4.302840233,3.711410046,3.366930008,0.0,10.21630001,9.13571072,8.46561432,0.0,14.663,10.177,8.086,6.544,76.33,77.004,79.324,79.594,43.33048934,43.70319913,44.03687716,44.33668651
Uzbekistan,6.257599831,6.36388588,6.151313782,8.740371704,0.926595807,65.10757446,0.974998116,0.248427153,0.501497388,6.179,6.312,6.045,8.836,0.918,65.255,0.97,0.311,0.515,6.063,6.178,5.948,1.219,1.092,0.6,0.716,0.283,0.24,6.014,6.13,5.899,8.948,0.875,65.301,0.938,0.23,0.638,71.1,76.6,83.9,89.0,1978.280519,2258.519641,2578.666894,2878.968793,4.948036671,5.368288994,5.234771729,5.472876072,6.71439123,7.69774151,7.36325455,0.0,5.293,5.364,4.49,4.46,71.461,71.681,72.147,72.388,7.495245393,7.43248918,7.366442414,7.301751889
Chile,6.228499889,6.318118572,6.138881207,10.0320549,0.879713595,69.90061951,0.744896293,-0.065668367,0.838239431,6.172,6.262,6.081,10.071,0.882,70.0,0.742,-0.044,0.83,6.172,6.262,6.082,1.651,1.08,0.748,0.46,0.124,0.069,6.334,6.424,6.243,10.114,0.889,70.3,0.792,-0.011,0.823,87.5,90.2,93.5,94.5,13114.81547,16206.83255,15405.61658,17067.03648,5.629930019,4.999239922,0.0,0.0,9.68910599,9.68593311,10.06172848,10.09532642,10.934,9.281,8.249,9.013,79.349,78.876,79.176,81.167,34.93549304,35.0096529,35.06841086,35.11597712
Bahrain,6.227300167,6.387789249,6.066811085,10.67638016,0.876342118,68.5,0.905855775,0.13372919,0.7393471,6.647,6.779,6.514,10.669,0.862,69.495,0.925,0.089,0.722,6.647,6.779,6.514,1.854,1.029,0.625,0.693,0.199,0.155,6.173,6.369,5.977,10.776,0.844,65.825,0.944,0.117,0.737,99.7,100.0,100.0,100.0,24342.84446,27147.80839,30470.52193,29290.12842,2.552374601,2.221358061,1.98779726,0.0,4.7196188,4.49223804,3.83745313,0.0,1.781,1.541,1.326,1.154,78.683,78.083,80.992,81.284,0.0,0.0,0.0,0.0
Lithuania,6.215499878,6.302118301,6.128881454,10.34362602,0.926107109,67.29407501,0.747381449,-0.219725296,0.809583843,6.255,6.344,6.167,10.499,0.935,67.906,0.773,-0.203,0.826,6.446,6.535,6.356,1.804,1.204,0.659,0.496,0.053,0.077,6.763,6.849,6.677,10.568,0.939,67.397,0.748,-0.145,0.805,83.1,86.9,87.7,88.5,20428.64782,23870.45949,25085.78406,27786.00578,4.508590221,4.254909992,0.0,0.0,7.47439718,7.75970221,7.24335003,7.29381466,8.487,7.112,5.955,6.841,75.02926829,74.03658537,75.64390244,76.98780488,0.0,0.0,0.0,0.0
Poland,6.186299801,6.255880356,6.116719246,10.26512432,0.874257445,69.31113434,0.862055779,-0.205084071,0.686927021,6.166,6.245,6.087,10.382,0.898,69.702,0.841,-0.165,0.735,6.123,6.205,6.04,1.758,1.174,0.712,0.523,0.124,0.14,6.26,6.343,6.177,10.453,0.925,69.049,0.765,-0.031,0.736,83.2,85.4,86.9,86.4,16150.9291,18635.50888,18891.21353,22145.26431,4.852650166,4.673039913,0.0,0.0,6.49677992,6.43857718,6.39626455,7.00451565,3.155,3.268,2.811,2.743,76.4,75.35121951,77.15609756,78.50731707,4.753339851,4.839222706,4.873565349,4.89955217
Colombia,6.163400173,6.274102688,6.052697659,9.500369072,0.884440243,67.69958496,0.836179912,-0.161235645,0.86457181,6.012,6.132,5.892,9.557,0.847,68.001,0.837,-0.135,0.841,5.781,5.903,5.659,1.452,0.929,0.72,0.545,0.087,0.077,5.63,5.747,5.514,9.584,0.822,69.35,0.804,-0.104,0.834,69.8,73.0,72.8,77.3,5339.687114,6222.621644,6680.445069,7000.836605,0.0,0.0,0.0,0.0,8.71432114,9.01772404,7.57361269,7.69168758,15.983,13.898,10.547,9.594,74.757,72.698,76.508,77.725,44.2970439,44.40370044,44.48976751,44.51831451
Cyprus,6.15899992,6.258187771,6.059812069,10.40570259,0.805996239,73.70222473,0.779858291,0.043731496,0.856271744,6.223,6.319,6.128,10.576,0.802,73.898,0.763,-0.015,0.844,6.221,6.32,6.122,1.815,0.909,0.819,0.448,0.123,0.062,6.13,6.236,6.024,10.611,0.826,72.802,0.724,-0.06,0.86,90.8,90.8,89.6,91.2,28649.01563,33734.03516,33894.44922,36551.41797,5.636940002,5.235859871,0.0,0.0,8.76033878,9.47552109,8.87060547,0.0,7.755,7.513,6.806,6.098,81.23,80.573,80.434,81.648,0.0,0.0,0.0,0.0
Nicaragua,6.13710022,6.262318611,6.011881828,8.493160248,0.857497036,67.50717926,0.863902867,0.020959141,0.665950119,5.972,6.134,5.81,8.62,0.864,67.657,0.836,0.02,0.664,6.165,6.312,6.017,1.105,1.029,0.617,0.617,0.168,0.212,6.259,6.408,6.109,8.618,0.853,65.65,0.877,0.021,0.625,42.2,47.1,49.1,58.2,1938.447048,2138.385885,2322.89054,2609.444921,4.581561089,4.086657047,3.794763088,0.0,8.58996105,9.59249973,8.95364857,0.0,6.201,6.118,4.961,4.716,70.766,70.478,74.463,74.947,16.20190009,16.14588138,16.09195778,16.04003627
Romania,6.123700142,6.216668129,6.030732155,10.107584,0.825161517,67.20723724,0.842823207,-0.19781521,0.934300244,6.14,6.253,6.027,10.284,0.832,67.355,0.845,-0.219,0.938,6.477,6.575,6.379,1.719,1.006,0.655,0.605,0.039,0.006,6.589,6.69,6.488,10.339,0.848,67.051,0.856,-0.172,0.929,78.5,83.6,85.5,89.2,13082.30066,14986.78549,15557.88262,18404.27309,3.589260101,3.324529886,0.0,0.0,6.22618055,6.46980715,5.7490139,0.0,5.035,5.59,5.614,5.589,74.25365854,72.8097561,75.15365854,76.60731707,9.360101738,9.383131806,9.372359044,9.32021804
Mauritius,6.101299763,6.213463783,5.989135742,9.956786156,0.910357833,66.40434265,0.889534533,-0.018318573,0.805343091,6.049,6.165,5.933,10.008,0.905,66.701,0.867,-0.054,0.789,6.071,6.184,5.958,1.591,1.116,0.568,0.589,0.131,0.107,5.902,6.013,5.791,9.957,0.888,63.85,0.813,-0.028,0.775,67.7,71.6,75.5,79.5,9011.042884,9068.973002,10223.78823,11182.18657,4.35243988,4.67151022,4.84085989,4.567639828,6.09606028,6.6160841,5.82381678,0.0,8.626,7.719,6.322,5.571,74.17707317,73.6802439,73.51463415,73.41219512,0.0,0.0,0.0,0.0
Kazakhstan,6.057899952,6.1426301,5.973169804,10.11465836,0.934744895,64.60996246,0.811601937,-0.068488635,0.764490843,6.152,6.243,6.06,10.155,0.952,65.2,0.853,-0.069,0.733,6.234,6.33,6.138,1.668,1.22,0.611,0.584,0.134,0.157,6.144,6.239,6.049,10.166,0.931,65.802,0.853,0.0,0.721,85.9,90.9,92.3,92.9,8781.507978,9983.601036,11255.33964,12879.42753,4.446203709,4.385694027,4.458202362,0.0,3.75300956,3.92458963,3.74026752,0.0,4.89,5.546,4.86,4.821,71.195,70.131,73.503,74.402,15.71556623,15.90090725,16.03182772,16.12673009
Estonia,6.021800041,6.092330933,5.95126915,10.34001732,0.934729993,68.60495758,0.87770915,-0.111697771,0.623073816,6.189,6.263,6.115,10.481,0.941,68.8,0.909,-0.106,0.527,6.341,6.415,6.266,1.793,1.232,0.728,0.689,0.123,0.333,6.455,6.534,6.377,10.541,0.946,69.65,0.929,0.032,0.409,89.1,91.0,91.5,93.2,23933.99394,27953.76702,28451.14778,30133.30445,5.52696991,5.26320982,0.0,0.0,7.57906437,7.47860336,6.98701143,0.0,6.956,6.178,5.571,6.378,78.59512195,76.94390244,77.84390244,78.4902439,0.0,0.0,0.0,0.0
Philippines,6.006000042,6.103722572,5.908277512,8.993545532,0.846730053,61.92676163,0.915463448,-0.105463006,0.733634114,5.88,5.982,5.778,9.076,0.83,62.0,0.917,-0.097,0.742,5.904,6.007,5.8,1.268,0.912,0.514,0.678,0.107,0.142,5.523,5.675,5.371,8.979,0.78,62.038,0.919,-0.06,0.732,53.8,66.9,75.2,83.8,3227.579102,3484.385939,3548.069306,3804.082741,3.858290434,3.872497559,3.579600811,3.623686314,5.16214037,5.97500563,5.15676308,5.10629606,2.522,3.398,2.598,2.222,70.097,66.675,69.472,69.833,14.0513244,14.1687351,14.31481136,14.46280407
Hungary,6.000400066,6.077767372,5.923032761,10.24924374,0.921934128,67.60997009,0.718964577,-0.194323018,0.892916501,5.992,6.085,5.899,10.358,0.943,68.0,0.755,-0.186,0.876,6.086,6.187,5.985,1.748,1.233,0.668,0.485,0.078,0.064,6.041,6.149,5.933,10.419,0.943,67.5,0.758,-0.059,0.839,84.8,88.6,89.1,91.5,16386.93088,19030.62813,18483.63669,22312.17903,4.153570175,4.684060097,0.0,0.0,7.28760386,7.38329268,6.68981791,6.3573041,4.25,4.045,3.609,4.107,75.4195122,74.06585366,75.86829268,76.77073171,18.28331327,18.39764833,18.48197109,18.53646291
Thailand,5.998799801,6.082288742,5.91531086,9.741791725,0.889973223,67.25059509,0.905063033,0.268685192,0.886272311,5.985,6.077,5.893,9.805,0.888,67.401,0.884,0.287,0.895,5.891,5.994,5.788,1.535,1.096,0.697,0.617,0.321,0.026,5.843,5.969,5.717,9.751,0.874,68.45,0.85,0.289,0.91,77.8,85.3,88.0,89.5,6985.643939,7057.207548,6909.352818,7195.101309,3.153141737,2.982124329,2.611870289,2.521222115,4.35724688,5.15337038,5.35470581,0.0,1.099,1.215,0.94,0.733,77.331,77.606,75.291,76.412,20.11680132,20.42022001,20.735918,21.05426824
Argentina,5.974699974,6.079445839,5.869954109,9.810955048,0.900567949,68.80380249,0.831132412,-0.194913864,0.842009842,5.929,6.04,5.819,9.962,0.898,69.0,0.828,-0.182,0.834,5.967,6.09,5.844,1.592,1.102,0.662,0.555,0.081,0.085,6.024,6.147,5.9,9.959,0.891,67.2,0.823,-0.089,0.814,85.5,87.2,88.4,89.2,8535.59938,10738.01792,13935.68111,14187.48273,5.276899815,4.641170025,4.805210114,0.0,10.45030594,10.03832245,9.86305332,0.0,11.461,8.736,6.805,6.139,75.878,73.948,75.806,77.395,42.99529795,43.22729196,43.49783685,43.74898671
Honduras,5.953199863,6.082033634,5.824366093,8.424534798,0.821870148,67.19876862,0.870603263,0.086969115,0.801131904,5.919,6.081,5.758,8.648,0.812,67.3,0.857,0.081,0.809,6.022,6.189,5.855,1.111,0.885,0.555,0.582,0.202,0.076,6.023,6.196,5.849,8.635,0.766,64.063,0.843,0.097,0.843,45.2,52.0,56.4,58.3,2307.614943,2735.147515,3003.289968,3227.457625,5.97629118,5.810501575,4.441578865,4.046160221,9.03509808,9.16101742,8.28209972,0.0,10.982,8.506,8.774,6.07,70.864,69.492,72.715,72.884,14.27012226,14.43457487,14.58981914,14.73036119
Latvia,5.949999809,6.018282413,5.881717205,10.17531967,0.918288589,66.8074646,0.671237648,-0.186888844,0.795580089,6.032,6.103,5.961,10.315,0.927,67.1,0.715,-0.162,0.8,6.18,6.255,6.106,1.732,1.221,0.637,0.502,0.075,0.09,6.213,6.295,6.131,10.37,0.937,66.4,0.818,-0.056,0.83,88.9,91.2,91.0,92.2,17564.23215,20261.88878,20227.23074,22675.57863,4.850590229,4.615469933,0.0,0.0,7.28520584,9.10995388,7.62168407,0.0,8.098,7.513,6.815,6.465,75.18536585,72.9804878,74.27804878,75.67804878,0.0,0.0,0.0,0.0
Ecuador,5.925199986,6.028846264,5.821553707,9.246058464,0.836418986,68.50003815,0.859828949,-0.127014965,0.801215112,5.764,5.875,5.653,9.313,0.821,68.8,0.842,-0.124,0.843,5.533,5.653,5.414,1.352,0.879,0.708,0.565,0.08,0.083,5.559,5.682,5.436,9.27,0.806,69.0,0.802,-0.108,0.833,70.7,69.1,69.7,72.7,5463.645153,6061.323502,6515.585284,6737.847484,4.261030197,3.647769928,3.59897995,3.893650055,8.6576252,8.20646191,7.53457022,0.0,6.127,4.552,3.761,3.51,72.004,72.746,76.577,77.392,27.74400414,27.95716024,28.16808804,28.36172113
Portugal,5.910900116,6.015089989,5.806710243,10.26374245,0.886590719,72.40202332,0.888747811,-0.220714301,0.892629504,5.929,6.037,5.821,10.421,0.879,72.6,0.892,-0.244,0.887,6.016,6.122,5.911,1.76,1.078,0.777,0.655,0.016,0.039,5.968,6.076,5.86,10.429,0.878,71.25,0.902,-0.196,0.878,78.3,82.3,84.5,85.8,22299.40441,24711.45101,24620.51956,27386.29206,4.876560211,4.78316021,0.0,0.0,10.54770088,11.1236763,10.46883011,10.00331116,6.801,6.577,6.011,6.509,81.32926829,81.37804878,81.63170732,82.2804878,41.46637285,41.38295635,41.27249353,40.88785078
Jamaica,5.889800072,6.126157284,5.65344286,9.006250381,0.915701866,67.09999847,0.858068526,-0.125106767,0.888890028,6.309,6.615,6.004,9.186,0.877,67.5,0.89,-0.137,0.884,5.85,6.023,5.676,1.296,1.045,0.646,0.567,0.08,0.053,5.703,5.876,5.529,9.165,0.867,66.6,0.822,-0.106,0.875,76.4,82.4,82.4,83.4,4879.440258,5165.337821,6022.153398,6839.725024,5.61749506,5.631239891,5.35435009,5.654536724,6.62580395,7.18521214,7.77706337,0.0,6.501,5.188,4.083,4.4,71.452,69.085,71.481,71.479,0.0,0.0,0.0,0.0
Japan,5.870800018,5.951927662,5.789672375,10.57968903,0.883545935,75.00096893,0.809961379,-0.246910349,0.654558063,5.94,6.02,5.861,10.611,0.884,75.1,0.796,-0.258,0.638,6.039,6.119,5.959,1.835,1.089,0.866,0.537,0.007,0.218,6.129,6.211,6.047,10.616,0.894,74.349,0.799,-0.237,0.64,90.2,82.9,84.9,87.0,40028.73417,40094.55998,34065.6439,33836.17563,3.306289911,3.335639954,3.237621307,0.0,11.20903683,11.18996906,11.42183685,0.0,2.809,2.828,2.6,2.6,84.56,84.44560976,83.99634146,84.04121951,64.66119625,64.88238178,65.07477096,65.27681398
Peru,5.796800137,5.916970253,5.67663002,9.456313133,0.831075251,68.10023499,0.824766099,-0.16238822,0.893714964,5.84,5.988,5.692,9.458,0.832,68.25,0.822,-0.154,0.891,5.559,5.679,5.439,1.397,0.865,0.735,0.545,0.09,0.037,5.526,5.64,5.412,9.402,0.798,69.85,0.794,-0.119,0.892,65.3,71.1,74.7,79.5,6133.325524,6826.202556,7350.630343,7887.541859,4.259379864,3.927210093,3.833159924,4.235169888,6.36273861,6.67921352,6.0930872,0.0,7.179,5.097,3.85,4.899,73.832,71.596,76.834,77.74,32.64205799,32.82300558,32.99316651,33.10438099
Serbia,5.77820015,5.877596378,5.678803921,9.680980682,0.881475747,68.21020508,0.726495862,-0.073676221,0.843509018,6.078,6.181,5.974,9.787,0.873,68.6,0.778,0.002,0.835,6.178,6.294,6.062,1.55,1.086,0.658,0.546,0.219,0.088,6.144,6.299,5.988,9.854,0.873,67.088,0.845,0.204,0.816,78.4,81.2,83.5,85.4,8098.709557,9680.527981,10022.96885,12281.50585,0.0,3.298670053,3.239389896,0.0,8.70042229,10.00950623,9.65742779,0.0,9.011,9.843,8.439,8.268,74.47804878,72.7804878,75.23658537,76.22097561,20.2625521,20.51096187,21.08489389,21.26083486
Bolivia,5.747499943,5.846765041,5.648234844,8.851115227,0.803108692,63.6004715,0.875873327,-0.09168113,0.822606206,5.716,5.819,5.613,9.046,0.81,63.901,0.875,-0.077,0.839,5.6,5.709,5.491,1.256,0.88,0.555,0.627,0.112,0.064,5.684,5.797,5.572,8.985,0.811,63.599,0.868,-0.063,0.846,59.9,66.0,67.4,70.2,3099.942191,3384.844865,3643.92827,3686.279964,8.437109947,7.962150097,7.575500011,0.0,8.0225811,8.159729,8.43142891,0.0,7.903,5.089,3.552,3.024,62.906,61.427,67.434,68.581,41.25142737,41.60960212,41.90538599,42.10973575
Pakistan,5.69329977,5.78780365,5.598795891,8.482727051,0.689062297,58.25313568,0.734833717,0.04489987,0.745705426,4.934,5.066,4.802,8.458,0.651,58.709,0.726,0.098,0.787,4.516,4.634,4.397,1.049,0.413,0.374,0.448,0.181,0.112,4.555,4.707,4.404,8.54,0.601,57.313,0.766,0.008,0.787,18.9,21.4,24.2,27.4,1278.397352,1455.319224,1538.322813,1365.169274,2.057182312,1.687461257,1.974449039,1.868643403,2.95273018,2.99015832,2.90434051,0.0,6.127,6.338,5.485,5.408,65.701,65.773,67.417,67.649,19.13229998,19.28357318,19.45774075,19.66674181
Paraguay,5.692100048,5.793937683,5.590262413,9.389982224,0.898727894,65.63993835,0.885923445,0.007997713,0.834788501,5.653,5.832,5.473,9.448,0.893,65.9,0.876,0.028,0.882,5.578,5.689,5.467,1.409,1.13,0.624,0.629,0.171,0.059,5.738,5.851,5.625,9.51,0.906,65.9,0.891,0.021,0.843,74.0,77.0,76.3,78.1,5365.472207,5976.931798,6205.625954,6299.990265,3.936150074,3.410700083,3.396199942,3.406490088,7.67533064,8.03277016,7.73804235,0.0,7.548,7.311,6.755,5.794,72.72,68.108,72.319,73.844,50.52534632,50.78121751,51.06624338,51.29216998
Dominican Republic,5.689199924,5.826069355,5.552330494,9.664880753,0.882085383,65.80748749,0.866202772,-0.131263286,0.755999923,5.545,5.685,5.405,9.802,0.853,66.102,0.86,-0.133,0.714,5.737,5.873,5.601,1.538,1.003,0.577,0.606,0.084,0.179,5.569,5.712,5.426,9.811,0.827,64.399,0.85,-0.099,0.657,81.6,85.2,81.5,84.6,7135.222733,8527.075486,10104.24493,10630.43174,4.517698288,3.747313499,3.940271378,0.0,4.93967104,4.91807747,4.57254791,0.0,6.126,7.702,5.504,5.555,72.636,71.757,74.211,73.72,30.13893153,30.46537791,30.7871774,31.09882259
Bosnia and Herzegovina,5.674099922,5.765016556,5.583183289,9.455817223,0.829204142,67.80813599,0.651352704,0.098274559,0.933769107,5.813,5.911,5.715,9.59,0.87,68.098,0.706,0.113,0.931,5.768,5.877,5.659,1.468,1.068,0.665,0.448,0.244,0.006,5.633,5.775,5.49,9.616,0.88,67.275,0.746,0.206,0.918,73.2,75.7,78.8,83.4,6130.311332,7295.343824,7655.59421,8663.02323,3.019540787,4.136229992,0.0,0.0,9.70311832,9.55514336,8.71644783,0.0,15.868,14.897,12.657,10.668,76.04,74.567,76.777,77.85,0.0,0.0,0.0,0.0
Moldova,5.607500076,5.690360069,5.524640083,8.776714325,0.843313575,65.01301575,0.721609175,-0.037741039,0.913314283,5.766,5.856,5.677,9.454,0.857,65.699,0.822,-0.079,0.918,5.857,5.948,5.766,1.417,1.008,0.597,0.561,0.102,0.028,5.819,5.922,5.717,9.499,0.857,65.299,0.84,-0.08,0.901,58.2,74.5,76.7,80.2,4375.778893,5274.605822,5744.296184,6799.585946,6.601260185,5.824059963,6.110539913,6.252686024,7.00484037,7.7490406,6.96505404,0.0,1.186,0.785,0.897,1.555,69.914,68.991,71.546,71.198,0.0,0.0,0.0,0.0
Tajikistan,5.555699825,5.619050026,5.492349625,8.024810791,0.835297108,64.10459137,0.831383407,-0.025088511,0.592076063,5.466,5.532,5.4,8.091,0.86,64.281,0.832,-0.056,0.553,5.377,5.468,5.287,0.966,1.005,0.518,0.572,0.118,0.304,5.33,5.452,5.207,8.237,0.836,62.226,0.832,-0.06,0.522,27.5,49.8,53.1,56.8,834.3117155,896.7480534,1052.179495,1178.479901,5.737252712,5.701633453,5.715097904,5.810545921,8.8903532,8.37504482,7.62917423,0.0,12.321,12.333,11.634,11.546,68.605,69.594,71.562,71.79,0.0,0.0,0.0,0.0
Montenegro,5.54610014,5.642112255,5.450088024,9.751860619,0.855314612,68.50534821,0.649565637,-0.075600356,0.783121586,5.581,5.686,5.475,9.94,0.858,68.699,0.708,-0.034,0.812,5.547,5.681,5.413,1.573,1.023,0.659,0.46,0.135,0.077,5.722,5.941,5.503,9.813,0.89,67.1,0.805,0.063,0.844,77.6,82.2,88.2,89.8,7612.628459,9377.488797,9990.204446,12077.37471,0.0,0.0,0.0,0.0,11.42177582,10.55253506,10.92241859,0.0,17.878,16.543,14.851,14.621,75.93170732,73.82439024,76.18780488,77.58780488,0.0,0.0,0.0,0.0
Greece,5.514999866,5.606986046,5.423013687,10.13232613,0.814380348,72.40525818,0.541345119,-0.300907373,0.859931409,5.723,5.813,5.632,10.279,0.823,72.6,0.582,-0.288,0.823,5.948,6.043,5.853,1.703,0.98,0.774,0.249,0.015,0.108,5.931,6.024,5.838,10.288,0.835,71.15,0.568,-0.24,0.793,78.1,78.5,83.2,85.0,17886.73317,20654.7002,20971.83493,23400.72788,4.495000362,4.082014561,0.0,0.0,9.5242157,9.18476486,8.49983692,0.0,15.899,14.656,12.426,11.066,81.28780488,80.08292683,80.78780488,81.53658537,29.4744667,29.83435749,30.21765504,30.31508647
Croatia,5.504700184,5.578756332,5.430644035,10.07087517,0.874623716,70.21490479,0.714838803,-0.128538325,0.916495264,5.882,5.975,5.788,10.217,0.924,70.799,0.754,-0.118,0.939,6.125,6.229,6.022,1.705,1.183,0.709,0.535,0.109,0.0,6.125,6.237,6.013,10.341,0.917,68.95,0.757,-0.093,0.925,78.3,81.3,82.1,83.2,14808.46202,17789.93047,18466.09555,21865.45628,4.389019966,4.056660175,0.0,0.0,7.64949179,8.01351929,7.21545315,0.0,7.507,7.608,6.96,6.086,77.52439024,76.42439024,77.57560976,78.47317073,0.0,0.0,0.0,0.0
Mongolia,5.456200123,5.535213947,5.377186298,9.412186623,0.937142491,62.30448532,0.693351328,0.098093867,0.863511205,5.677,5.76,5.595,9.4,0.935,62.5,0.708,0.116,0.856,5.761,5.845,5.676,1.393,1.197,0.467,0.398,0.247,0.059,5.84,5.93,5.75,9.372,0.933,60.5,0.701,0.19,0.849,62.5,81.6,82.2,83.0,4001.251931,4517.61578,4993.514875,5838.631081,4.663455009,3.343896151,4.180567265,3.741015434,4.6662488,7.21042728,8.85170174,0.0,6.594,7.747,6.211,5.503,71.34902439,71.64512195,71.90073171,72.12243902,47.61830053,47.73101724,47.89355538,48.0481853
Malaysia,5.384300232,5.479953289,5.288647175,10.26251888,0.816509426,67.10215759,0.894626856,0.114726797,0.839302301,5.384,5.48,5.289,10.238,0.817,67.102,0.895,0.125,0.839,5.711,5.845,5.578,1.689,0.938,0.62,0.654,0.213,0.126,6.012,6.167,5.858,10.169,0.799,65.662,0.877,0.16,0.758,89.6,96.8,97.4,97.7,9957.526267,10903.11164,11748.09193,11379.08519,4.518887043,4.261094093,3.499337912,3.627254963,4.08254337,4.37382412,3.90591931,0.0,4.54,4.64,3.93,3.869,76.057,73.917,75.444,76.657,23.59673738,23.95032506,24.26703088,24.54492643
Indonesia,5.285600185,5.379077435,5.192122936,9.36975193,0.808379889,62.15584946,0.870614409,0.519586504,0.876296401,5.345,5.454,5.235,9.365,0.811,62.236,0.873,0.542,0.867,5.24,5.341,5.139,1.382,0.883,0.539,0.62,0.468,0.047,5.277,5.392,5.161,9.385,0.804,63.048,0.88,0.531,0.876,53.7,62.1,66.5,69.2,3853.702888,4287.17314,4730.834848,4876.307745,1.015932202,1.032217503,0.863943338,1.275170922,3.42067289,3.70634937,2.69394851,0.0,4.255,3.827,3.462,3.308,68.817,67.452,70.925,71.146,13.56112627,13.74032321,13.91796449,14.08405653
Benin,5.21600008,5.368408203,5.063591957,7.674319744,0.468671143,54.31246567,0.735182583,-0.003537213,0.740532577,5.045,5.189,4.901,8.087,0.489,54.713,0.757,-0.034,0.661,4.623,4.754,4.492,0.932,0.064,0.335,0.479,0.127,0.23,4.374,4.504,4.244,8.103,0.437,56.095,0.743,-0.043,0.576,22.1,28.2,30.0,32.2,1200.194266,1318.651581,1266.42711,1394.177847,3.094415188,3.203484297,3.377859116,0.0,2.7123611,2.58129549,2.67981386,0.0,1.502,1.779,1.685,1.657,60.154,59.61,60.475,60.774,0.0,0.0,0.0,0.0
Ghana,5.147999763,5.262923717,5.033075809,8.350645065,0.728601098,57.20398712,0.794796526,0.094170853,0.847964764,5.088,5.219,4.958,8.58,0.727,57.586,0.807,0.123,0.848,4.872,4.999,4.745,1.112,0.595,0.409,0.5,0.23,0.056,4.605,4.729,4.481,8.596,0.641,58.763,0.777,0.139,0.881,62.5,68.6,69.4,69.9,2195.454817,2445.186625,2229.891226,2383.904105,3.409159899,3.41949439,2.905294418,0.0,4.4331708,3.86030865,3.6993649,0.0,3.313,3.384,3.084,3.063,64.309,64.286,65.246,65.498,18.38341104,18.59548047,18.81112374,19.02547461
Nepal,5.137199879,5.250276566,5.024123192,7.925357342,0.785512447,63.77917862,0.797565043,0.154168829,0.738099158,5.269,5.406,5.132,8.12,0.774,64.233,0.782,0.152,0.727,5.377,5.502,5.251,0.984,0.784,0.499,0.519,0.237,0.13,5.36,5.507,5.214,8.256,0.748,61.847,0.808,0.146,0.783,38.9,45.3,53.9,55.8,1154.215176,1252.750767,1385.910663,1382.330558,4.211066723,3.95612216,3.617783785,3.681257963,5.2080965,5.32333136,6.65589333,0.0,12.975,12.186,10.844,10.628,69.106,68.385,70.087,70.354,4.91433678,4.993609841,5.118743672,5.290555385
China,5.123899937,5.174667358,5.073132515,9.688568115,0.798760593,69.2891922,0.898517907,-0.18142575,0.7539711,5.339,5.397,5.281,9.673,0.811,69.593,0.904,-0.146,0.755,5.585,5.65,5.52,1.508,0.958,0.705,0.656,0.099,0.142,5.818,5.905,5.731,9.738,0.836,68.689,0.882,-0.041,0.727,70.1,73.1,75.6,77.5,10627.4638,12887.43572,12970.60564,12951.17824,4.233381271,3.988325119,4.023569584,0.0,5.59359741,5.38360548,5.36948681,0.0,5.0,4.55,4.98,4.67,78.019,78.117,78.202,77.953,29.03499809,29.76998435,30.52300983,31.2803562
Bulgaria,5.101500034,5.188173294,5.014826775,9.869318962,0.937840343,66.80397797,0.745178163,-0.143908441,0.935585141,5.266,5.371,5.16,10.016,0.931,67.0,0.788,-0.096,0.932,5.371,5.485,5.257,1.625,1.163,0.64,0.563,0.123,0.021,5.466,5.582,5.35,10.087,0.918,66.5,0.801,-0.057,0.911,70.2,75.3,79.1,80.4,10769.94757,12972.21734,13999.67192,15883.86185,4.505139828,4.73032999,0.0,0.0,8.48235893,8.61892796,7.66357517,0.0,5.125,5.267,4.268,4.319,73.35609756,71.21219512,74.16097561,75.70731707,19.55468549,19.73646217,19.90363022,19.98130486
Morocco,5.094799995,5.203875065,4.985724926,8.940313339,0.592628479,65.89624023,0.772072434,-0.240377247,0.815724611,4.918,5.036,4.8,8.903,0.56,66.208,0.774,-0.236,0.801,5.06,5.181,4.938,1.208,0.268,0.565,0.492,0.02,0.102,4.903,5.023,4.783,8.973,0.553,63.901,0.787,-0.231,0.811,84.1,88.1,89.9,91.0,3268.030273,3785.936279,3455.39624,3771.446289,6.284282684,5.642734051,5.912246704,6.020969391,5.59079361,5.522717,5.68049145,0.0,11.223,10.576,9.494,9.044,73.133,73.385,75.161,75.313,22.02907331,22.14694786,22.2799184,22.42344283
Cameroon,5.084899902,5.216800213,4.952999592,8.118647575,0.700386405,52.7049408,0.763051808,-0.00149645,0.851336598,5.142,5.288,4.996,8.189,0.71,53.515,0.731,0.026,0.848,5.048,5.188,4.907,0.968,0.672,0.317,0.397,0.152,0.074,4.973,5.112,4.834,8.217,0.686,55.847,0.686,0.015,0.846,41.2,42.0,41.8,41.9,1555.603707,1672.326573,1604.87727,1736.860911,3.103901386,2.827640772,2.617684364,0.0,4.25051928,4.30539274,4.47835922,0.0,3.87,3.973,3.653,3.613,61.674,61.146,62.443,63.7,29.20822212,29.564577,29.90404039,30.21387083
Algeria,5.005099773,5.09180212,4.918397427,9.537964821,0.803385139,65.90517426,0.466610909,-0.121105164,0.735485137,4.887,4.991,4.783,9.342,0.802,66.005,0.48,-0.067,0.752,5.122,5.215,5.03,1.363,0.97,0.643,0.146,0.106,0.15,5.329,5.451,5.207,9.3,0.855,66.549,0.571,-0.117,0.717,63.5,72.2,74.8,76.9,3743.541952,4160.559267,4961.552577,5364.02795,6.193917274,5.514032841,4.749246597,5.610157013,5.63831711,5.0110569,3.6230433,0.0,14.057,13.63,12.346,11.701,73.257,75.208,76.129,76.261,6.284127155,6.275891483,6.275555969,6.285842288
Senegal,4.980800152,5.084227562,4.877372742,8.118982315,0.723616004,59.59915161,0.690596163,-0.052335154,0.808785141,5.132,5.266,4.998,8.118,0.71,59.802,0.695,-0.046,0.801,5.046,5.171,4.921,0.933,0.53,0.447,0.494,0.143,0.081,4.855,4.983,4.727,8.155,0.629,59.999,0.772,0.011,0.846,53.3,57.3,59.2,60.6,1461.087204,1598.10677,1574.028106,1698.033873,5.686979771,5.612010002,5.987539768,0.0,5.15119171,4.44256258,4.06358385,0.0,3.437,3.44,2.837,2.8,67.496,66.868,67.788,68.683,18.7051107,18.75515327,18.84302074,18.9712192
Guinea,4.949299812,5.09246254,4.806137085,7.750990391,0.637573481,54.46780014,0.706846774,0.076328471,0.761794448,4.984,5.16,4.808,7.838,0.639,55.008,0.697,0.095,0.766,4.891,5.028,4.753,0.848,0.566,0.275,0.334,0.214,0.116,5.072,5.213,4.931,7.88,0.649,54.185,0.659,0.125,0.787,23.4,24.3,24.7,26.5,1053.660977,1244.965505,1416.59612,1555.493758,2.432670116,2.040748119,1.985614896,0.0,3.90094519,3.7175858,3.95847702,0.0,6.018,5.827,5.267,5.244,59.35,59.373,60.432,60.74,14.49589015,14.52268052,14.57492019,14.65372038
Albania,4.882699966,4.992686749,4.772713184,9.417930603,0.671070457,68.70813751,0.781994224,-0.042309489,0.896303713,5.117,5.234,5.001,9.52,0.697,68.999,0.785,-0.03,0.901,5.199,5.321,5.076,1.439,0.646,0.719,0.511,0.138,0.028,5.277,5.406,5.148,9.567,0.718,69.15,0.794,-0.007,0.878,72.2,79.3,82.6,83.1,5370.7775,6413.282808,6846.426694,8575.171346,3.342299938,3.022559881,2.744329929,0.0,7.50389433,7.39913177,6.19368076,0.0,11.69,11.474,10.137,10.108,77.824,76.844,78.769,79.602,0.0,0.0,0.0,0.0
Cambodia,4.848400116,4.962093353,4.734706879,8.249890327,0.773080647,61.52996826,0.959704638,0.051911179,0.822769046,4.83,4.963,4.698,8.36,0.765,62.0,0.959,0.034,0.843,4.64,4.765,4.516,1.019,0.732,0.505,0.74,0.166,0.068,4.393,4.508,4.279,8.385,0.747,61.9,0.958,0.073,0.857,53.7,58.0,59.7,60.7,2081.739142,2167.403242,2325.0305,2429.748535,3.002350092,3.011626482,2.883492708,2.951152325,5.28458023,5.51976061,4.71089554,0.0,0.172,0.396,0.231,0.225,70.059,69.301,70.528,70.668,12.42270922,12.62844635,12.85594397,13.09236519
Bangladesh,4.832799911,4.911443233,4.75415659,8.287063599,0.687292993,64.50306702,0.90062499,-0.033664726,0.661843538,5.025,5.115,4.934,8.454,0.693,64.8,0.877,-0.041,0.682,5.155,5.262,5.049,1.06,0.614,0.581,0.622,0.125,0.187,4.282,4.416,4.148,8.685,0.544,64.548,0.845,0.005,0.698,36.1,38.9,41.6,44.5,2248.850788,2482.849178,2716.485928,2551.017738,1.765280604,1.831179976,1.711836696,1.775227427,2.27063942,2.36551309,2.39038587,0.0,5.436,5.327,4.593,4.454,71.421,71.103,74.265,74.672,15.650026,16.02888267,16.37156529,16.67334103
Gabon,4.829299927,4.947425842,4.711174011,9.680537224,0.787886858,59.71533966,0.704829216,-0.222261623,0.849150956,4.852,4.998,4.706,9.603,0.776,59.962,0.731,-0.2,0.84,4.958,5.091,4.826,1.459,0.738,0.396,0.343,0.032,0.099,5.035,5.175,4.894,9.537,0.746,58.252,0.642,-0.187,0.786,63.9,68.6,70.7,71.9,6605.803461,8181.409141,8409.207415,8071.397774,3.398740768,2.700792789,2.207736492,0.0,3.41717625,2.69024062,2.85591531,0.0,21.27,21.218,20.399,20.278,67.073,67.072,67.713,68.337,0.0,0.0,0.0,0.0
South Africa,4.814099789,4.931746006,4.696453571,9.403370857,0.852532268,56.50601196,0.759330094,-0.109777324,0.843423843,4.956,5.074,4.839,9.403,0.86,56.904,0.749,-0.067,0.86,5.194,5.315,5.073,1.425,1.088,0.361,0.442,0.089,0.046,5.275,5.417,5.132,9.478,0.907,56.989,0.73,-0.087,0.902,72.1,75.0,75.5,75.7,5580.603831,6843.399419,6523.410978,6022.542542,6.170670033,6.549029827,6.16726017,6.148389816,9.01329231,8.67432785,8.77086639,0.0,29.217,34.007,33.268,32.098,65.15,62.01,65.454,66.139,35.12458336,35.2906429,35.47800433,35.67126024
Iraq,4.784800053,4.937272072,4.632328033,9.661095619,0.747694969,59.90354919,0.633182645,-0.06956476,0.82226181,4.854,4.97,4.738,9.24,0.746,60.583,0.63,-0.053,0.875,4.941,5.099,4.783,1.289,0.682,0.554,0.328,0.147,0.046,4.941,5.099,4.783,9.098,0.718,63.415,0.646,-0.005,0.876,53.7,65.0,78.7,81.7,4295.189451,4868.494311,6520.731546,5965.318351,0.0,0.0,0.0,0.0,5.76473284,5.25095701,4.29332495,0.0,15.778,16.173,15.511,15.447,69.651,70.704,72.037,72.324,24.04372812,24.11782432,24.1945398,24.29657251
Lebanon,4.771500111,4.857257843,4.685742378,9.3617239,0.824338138,67.10658264,0.551357508,-0.06121527,0.90225625,4.584,4.691,4.477,9.626,0.848,67.355,0.525,-0.073,0.898,2.955,3.049,2.862,1.392,0.498,0.631,0.103,0.082,0.034,2.392,2.479,2.305,9.478,0.53,66.149,0.474,-0.141,0.891,82.1,82.7,82.8,83.5,5561.19167,4045.373911,3654.358455,3477.724898,1.669968128,0.0,0.0,0.0,7.57650805,4.85634661,5.73500204,0.0,13.284,12.669,11.6,11.543,76.299,73.65,78.003,77.817,42.51588542,42.57707338,42.35633492,41.93915191
Burkina Faso,4.768700123,4.890351772,4.647048473,7.46854496,0.712943614,53.88945389,0.665563583,-0.019080516,0.739795029,4.834,4.993,4.675,7.678,0.672,54.151,0.695,-0.009,0.748,4.67,4.814,4.527,0.779,0.565,0.32,0.382,0.186,0.126,4.638,4.819,4.456,7.667,0.663,55.461,0.696,0.095,0.771,10.8,12.6,14.6,17.0,825.2370388,895.5352884,836.1183046,882.6898101,5.150865078,5.224015236,5.276512146,0.0,6.57714844,6.40747881,6.77182007,0.0,5.04,5.2,5.389,5.348,60.454,60.046,60.7,61.092,12.9446023,13.25113344,13.57582674,13.91450607
Mali,4.729300022,4.855451107,4.603148937,7.629852295,0.731468976,51.72698212,0.71156615,-0.044366926,0.839328408,4.723,4.884,4.563,7.744,0.724,51.969,0.697,-0.036,0.827,4.479,4.611,4.347,0.792,0.483,0.311,0.35,0.128,0.042,4.198,4.319,4.076,7.655,0.593,55.403,0.713,-0.028,0.846,29.1,34.0,34.4,35.1,953.2429433,1027.273454,969.7222056,1035.862426,3.954459906,4.363709927,4.035055161,0.0,3.47597885,3.46649742,3.67284775,0.0,3.528,3.966,2.387,2.956,58.858,59.116,60.035,60.439,12.05538257,12.11878529,12.20901899,12.32427678
Nigeria,4.724100113,4.826248169,4.621952057,8.57662487,0.73721689,49.86190796,0.759578407,0.033745807,0.861874342,4.759,4.861,4.658,8.533,0.74,50.102,0.737,0.037,0.878,4.552,4.651,4.453,1.079,0.732,0.3,0.444,0.175,0.038,4.981,5.136,4.825,8.496,0.74,54.891,0.718,0.073,0.911,31.9,35.5,37.7,39.2,2019.657063,2017.274865,2139.374785,1596.636961,0.359637648,0.381919116,0.348516703,0.0,3.38063431,4.07625723,4.27090406,0.0,5.742,5.45,3.821,3.074,53.072,53.455,54.079,54.462,16.21044116,16.4564053,16.71807314,16.99229664
Armenia,4.676799774,4.791646481,4.561953068,9.100476265,0.757479429,66.75065613,0.712017834,-0.13877961,0.773544788,5.283,5.397,5.168,9.487,0.799,67.055,0.825,-0.168,0.629,5.399,5.519,5.278,1.434,0.82,0.668,0.558,0.054,0.21,5.342,5.47,5.213,9.615,0.79,67.789,0.796,-0.155,0.705,76.5,78.6,77.0,80.0,4268.680933,4685.179971,6571.974455,8125.273958,2.705559969,2.767849922,2.491899967,0.242599994,12.24056244,12.32268524,9.96212864,0.0,18.175,15.469,13.379,13.245,73.37560976,72.27804878,74.76585366,77.46585366,36.67989195,36.76808561,36.7785262,36.93327261
Georgia,4.672599792,4.757698059,4.587501526,9.226100922,0.629033029,64.49520874,0.801641524,-0.22892037,0.665944695,4.891,4.998,4.785,9.585,0.671,64.3,0.783,-0.238,0.655,4.973,5.079,4.867,1.467,0.612,0.595,0.508,0.0,0.208,5.109,5.219,5.0,9.646,0.716,64.95,0.786,-0.254,0.649,72.5,76.4,78.7,81.9,4300.857013,5083.606955,6729.846599,8283.669607,3.849859238,3.594419956,3.754980087,3.738610029,8.34160137,8.3153286,7.25569582,0.0,11.73,11.791,11.647,11.537,73.509,71.635,74.141,74.496,28.95286667,29.09030607,29.10029409,29.12797609
Jordan,4.633399963,4.748552322,4.518247604,9.025999069,0.80216372,66.79975128,0.75104779,-0.162565202,0.700344324,4.395,4.516,4.273,9.182,0.767,67.0,0.755,-0.167,0.705,4.152,4.276,4.029,1.324,0.724,0.675,0.476,0.058,0.2,4.12,4.242,3.997,9.13,0.729,67.6,0.77,-0.15,0.687,78.4,86.0,90.5,92.5,4022.040136,4183.499983,4332.251599,4466.083142,0.0,3.138370037,3.160229921,0.0,7.11578226,7.20182657,6.82820034,0.0,19.213,19.837,18.2,17.969,75.583,74.204,77.088,77.814,19.77218518,19.71878548,19.62981853,19.51392985
Mozambique,4.623600006,4.778996944,4.468203068,7.069345951,0.723874032,54.20582199,0.864451885,0.032375868,0.683019102,4.794,4.997,4.592,7.158,0.744,54.706,0.882,0.061,0.684,5.048,5.273,4.823,0.578,0.66,0.191,0.593,0.185,0.2,4.954,5.181,4.727,7.116,0.692,51.53,0.851,0.047,0.66,14.3,16.4,18.8,19.8,462.4338765,509.9078295,578.2516638,622.9856193,6.642562866,6.497897625,6.161983967,0.0,7.54172373,8.86981869,8.77717781,0.0,3.921,4.053,3.596,3.519,61.39,60.268,63.011,63.611,9.148881057,9.051223989,8.990108661,8.964422943
Kenya,4.583000183,4.715898037,4.450102329,8.02977562,0.702652037,60.09693146,0.829747558,0.294681519,0.831499159,4.607,4.747,4.466,8.361,0.688,60.704,0.779,0.287,0.825,4.543,4.683,4.403,1.032,0.605,0.401,0.44,0.322,0.082,4.487,4.616,4.357,8.458,0.69,58.499,0.696,0.288,0.852,0.0,0.0,0.0,35.0,1927.66459,2061.356221,2109.562885,1952.304579,5.045748711,4.89040184,4.511017799,3.962293148,4.49248838,4.56525421,4.32603645,0.0,5.619,5.693,5.707,5.567,61.596,61.225,63.549,63.646,11.54952874,11.768514,11.99544293,12.22565575
Namibia,4.571100235,4.690628052,4.451572418,9.203141212,0.846880972,56.50148773,0.767520964,-0.18530646,0.851449788,4.574,4.7,4.448,9.161,0.818,56.799,0.719,-0.149,0.847,4.459,4.593,4.326,1.292,0.877,0.354,0.384,0.067,0.071,4.631,4.766,4.496,9.121,0.787,56.851,0.669,-0.126,0.83,57.9,60.3,61.1,64.4,3878.58983,4412.835569,4349.799085,4187.605004,9.277998924,10.39144802,9.677911758,9.044512749,8.88723373,9.33766365,9.29635525,0.0,21.004,20.922,19.695,19.365,64.071,60.85,64.19,67.385,0.0,0.0,0.0,0.0
Ukraine,4.56069994,4.658080578,4.463319302,9.010690689,0.878879368,64.60678101,0.663081884,-0.030933706,0.920636714,4.875,4.977,4.773,9.436,0.888,64.902,0.724,-0.011,0.924,5.084,5.19,4.978,1.411,1.081,0.583,0.473,0.188,0.017,5.071,5.187,4.956,9.314,0.878,64.55,0.795,0.24,0.907,75.0,79.2,82.7,82.4,3709.769287,4775.945801,4199.670898,5139.598145,5.382319927,5.140110016,5.933899879,0.0,7.56217051,8.2027483,0.0,0.0,9.475,9.834,0.0,0.0,73.283,71.631,72.658,73.422,12.14518196,12.26922316,13.256284,14.43187838
Uganda,4.43200016,4.566251278,4.297749043,7.500389576,0.764994621,55.70820236,0.731713951,0.099487431,0.836737812,4.636,4.78,4.493,7.677,0.781,56.101,0.709,0.122,0.855,4.603,4.747,4.459,0.777,0.875,0.418,0.402,0.222,0.066,4.432,4.607,4.258,7.716,0.794,58.913,0.701,0.114,0.857,7.4,10.0,11.1,15.3,845.7664639,882.7917174,963.0673142,1002.309139,2.572221756,2.635936022,2.561050177,2.551593781,5.23698568,5.48128128,4.39089251,0.0,3.831,3.422,2.886,2.787,66.41,66.45,67.675,68.252,7.419197703,7.557045784,7.718683426,7.90458421
Tunisia,4.392199993,4.489554405,4.294845581,9.314972878,0.688718557,66.89785767,0.593361557,-0.216413811,0.867590249,4.596,4.709,4.484,9.266,0.691,67.201,0.656,-0.201,0.87,4.516,4.629,4.403,1.35,0.596,0.656,0.316,0.029,0.029,4.497,4.601,4.393,9.244,0.73,67.0,0.576,-0.213,0.907,68.6,68.3,70.6,72.4,3548.653637,3906.939263,3708.848124,3950.375342,7.265075684,6.679846764,6.804989815,6.733988762,7.05022287,6.97669458,6.96380186,0.0,17.656,16.611,15.3,15.106,75.004,72.893,76.05,76.508,19.75271205,19.94153356,20.12820176,20.28982419
Sri Lanka,4.327000141,4.431047916,4.222952366,9.389969826,0.825374067,67.20006561,0.837633669,0.081129618,0.859001756,4.325,4.454,4.196,9.47,0.827,67.299,0.841,0.079,0.863,4.362,4.487,4.237,1.415,0.934,0.66,0.529,0.15,0.079,4.442,4.603,4.28,9.491,0.826,67.15,0.787,-0.03,0.808,36.2,44.5,48.3,51.2,3847.601377,3996.9624,3342.636503,3798.890166,1.557923913,1.506505847,1.20397222,1.827745676,4.06134748,4.02830219,4.36269855,0.0,5.364,4.981,4.528,5.997,76.928,76.278,77.3,77.483,0.0,0.0,0.0,0.0
Myanmar,4.308000088,4.392180443,4.223819733,8.680481911,0.78440702,58.96171188,0.895075202,0.560663998,0.645124316,4.426,4.527,4.324,8.541,0.779,59.302,0.876,0.509,0.66,4.394,4.511,4.277,1.038,0.829,0.491,0.513,0.452,0.194,4.372,4.533,4.212,8.404,0.787,61.388,0.727,0.491,0.658,45.4,56.5,58.0,58.5,1490.216835,1242.721344,1158.05005,1233.196662,0.0,0.0,0.0,0.0,4.38807583,5.83599281,5.20476246,0.0,1.476,4.34,3.057,3.032,66.612,65.553,66.506,66.889,12.76838567,12.90761016,13.04966199,13.19342308
Togo,4.187200069,4.309713364,4.064686775,7.357711315,0.551312625,54.71989822,0.649828613,0.002667875,0.757733464,4.107,4.258,3.956,7.362,0.569,54.914,0.619,0.032,0.772,4.112,4.272,3.953,0.771,0.322,0.36,0.292,0.174,0.132,4.137,4.289,3.986,7.673,0.595,57.449,0.657,0.024,0.74,29.0,30.3,35.5,37.0,853.5782203,939.6133738,898.7581544,985.6975126,4.091336727,4.231181622,3.798119307,0.0,6.18928432,5.6165967,6.04134083,0.0,2.225,2.333,1.965,1.948,61.123,61.328,62.29,62.739,21.08347213,21.11189441,21.18341585,21.29775609
Ethiopia,4.186200142,4.262473583,4.109926701,7.509385586,0.743307352,58.63959122,0.740795195,0.043377332,0.753690004,4.275,4.374,4.175,7.694,0.764,59.0,0.752,0.082,0.761,4.241,4.365,4.118,0.788,0.809,0.457,0.472,0.205,0.136,4.091,4.273,3.908,7.739,0.782,60.698,0.72,0.273,0.789,16.1,16.7,0.0,0.0,905.3131593,910.9478871,1011.073324,0.0,4.090565205,4.065248966,3.736495018,0.0,3.48096275,3.2075386,2.85274577,0.0,3.994,3.935,3.409,3.402,65.969,65.33,66.897,67.315,4.03110737,4.098233066,4.169417177,4.243157359
Sierra Leone,3.926399946,4.046255589,3.806544304,7.26880312,0.636142015,50.86514282,0.715315044,0.088660747,0.861330688,3.849,4.001,3.698,7.434,0.63,51.651,0.717,0.084,0.866,3.574,3.732,3.416,0.686,0.416,0.273,0.387,0.202,0.055,3.138,3.299,2.976,7.394,0.555,54.9,0.66,0.105,0.858,17.1,18.7,19.2,20.6,845.9829143,886.1929391,860.7745909,757.8486806,8.809548378,9.442235947,8.53918457,6.791097164,9.32588673,8.55334377,7.94752312,0.0,3.508,3.556,3.175,3.153,59.694,60.26,61.275,61.786,15.18977807,15.27468552,15.36999715,15.47386257
Zambia,3.759399891,3.878326178,3.640473604,8.224720001,0.698824465,55.29937744,0.806500256,0.078037128,0.801289678,4.073,4.209,3.938,8.145,0.708,55.809,0.782,0.061,0.823,3.76,3.902,3.618,0.93,0.577,0.306,0.525,0.203,0.083,3.982,4.167,3.797,8.074,0.694,55.032,0.791,0.098,0.818,24.5,32.5,32.0,33.0,951.6443167,1127.160779,1447.123101,1330.727806,3.949648142,3.106432199,3.58259511,0.0,6.3067441,6.63951397,5.25592279,0.0,6.033,5.199,5.995,5.905,63.361,62.363,65.279,66.349,14.55519968,14.82376687,15.09352631,15.35058566
India,3.573299885,3.627596378,3.519003391,8.849823952,0.592200935,60.21518707,0.881444871,0.057551607,0.772042692,3.819,3.869,3.769,8.755,0.603,60.633,0.893,0.089,0.774,3.777,3.828,3.726,1.167,0.376,0.471,0.647,0.198,0.123,4.036,4.092,3.98,8.759,0.608,60.777,0.897,0.072,0.774,43.4,0.0,55.9,0.0,1907.042516,2239.613844,2347.448294,2530.120313,4.040141582,4.635141373,4.120728493,0.0,3.34146094,3.34680939,3.3058846,0.0,7.859,6.38,4.822,4.172,70.156,67.282,71.698,72.003,15.66287006,15.93027679,16.20258693,16.45852285
Malawi,3.538000107,3.675710678,3.400289536,7.062226295,0.544007301,57.59288788,0.803223193,0.021433279,0.731700778,3.6,3.781,3.419,6.958,0.537,57.948,0.78,0.038,0.729,3.75,3.941,3.56,0.648,0.279,0.388,0.477,0.14,0.157,3.495,3.671,3.32,7.302,0.531,58.475,0.75,0.005,0.749,13.9,17.5,17.0,18.0,602.5074782,617.4475208,604.2697512,602.3436198,0.0,0.0,0.0,0.0,7.17979383,7.62815809,6.50023508,0.0,5.728,5.662,5.037,5.033,65.216,64.782,66.037,67.353,5.742430795,5.840549366,5.942637775,6.04760638
Tanzania,3.476200104,3.600091219,3.352308989,7.967665195,0.688933194,57.49607468,0.82153976,0.109668687,0.619799435,3.623,3.762,3.485,7.876,0.702,57.999,0.833,0.183,0.577,3.702,3.847,3.558,0.848,0.597,0.425,0.578,0.248,0.27,3.694,3.84,3.547,7.857,0.653,59.401,0.838,0.182,0.554,17.8,19.0,22.1,29.1,1117.415283,1159.856567,1207.853027,1224.489624,3.230972528,3.115153313,3.23824501,3.260152817,3.05195832,3.47258258,3.1119566,0.0,2.781,2.821,2.588,2.582,66.771,66.131,66.879,66.995,12.82880277,13.09700627,13.36716054,13.63996629
Zimbabwe,3.299200058,3.414201975,3.184198141,7.865711689,0.763092756,55.61725998,0.711457908,-0.072063953,0.81023699,3.145,3.259,3.03,7.943,0.75,56.201,0.677,-0.047,0.821,2.995,3.11,2.88,0.947,0.69,0.27,0.329,0.106,0.105,3.204,3.323,3.084,7.641,0.69,54.05,0.654,-0.046,0.766,29.3,37.1,37.9,38.4,1730.45391,1724.387271,2040.546587,2156.034093,0.0,0.0,0.0,0.0,2.95440149,2.78571677,3.62880659,0.0,8.621,9.54,10.087,8.759,61.53,60.135,62.36,62.775,9.853358896,9.760103208,9.694035543,9.657580261
Afghanistan,2.566900015,2.628270388,2.505529642,7.462860584,0.470366955,52.59000015,0.396573007,-0.0964294,0.933686554,2.523,2.596,2.449,7.695,0.463,52.493,0.382,-0.102,0.924,2.404,2.469,2.339,0.758,0.0,0.289,0.0,0.089,0.005,1.859,1.923,1.795,7.324,0.341,54.712,0.382,-0.081,0.847,17.0,16.5,17.2,17.7,510.7870634,356.4962141,357.2611528,413.7578947,0.0,0.0,0.0,0.0,15.53361416,21.508461,23.0881691,0.0,11.71,11.994,14.1,13.991,61.454,60.417,65.617,66.035,10.80532972,10.83931336,10.98572995,11.06909288
