Country Name,Happiness score_2020,upperwhisker_2020,lowerwhisker_2020,Logged GDP per capita_2020,Social support_2020,Healthy life expectancy_2020,Freedom to make life choices_2020,Generosity_2020,Perceptions of corruption_2020,Happiness score_2021,upperwhisker_2021,lowerwhisker_2021,Logged GDP per capita_2021,Social support_2021,Healthy life expectancy_2021,Freedom to make life choices_2021,Generosity_2021,Perceptions of corruption_2021,Happiness score_2022,upperwhisker_2022,lowerwhisker_2022,Logged GDP per capita_2022,Social support_2022,Healthy life expectancy_2022,Freedom to make life choices_2022,Generosity_2022,Perceptions of corruption_2022,Happiness score_2023,upperwhisker_2023,lowerwhisker_2023,Logged GDP per capita_2023,Social support_2023,Healthy life expectancy_2023,Freedom to make life choices_2023,Generosity_2023,Perceptions of corruption_2023
Finland,7.808700085,7.869766235,7.747633934,10.63926697,0.954329729,71.9008255,0.949172199,-0.059482019,0.195444584,7.842,7.904,7.78,10.775,0.954,72,0.949,-0.098,0.186,7.821,7.886,7.756,1.892,1.258,0.775,0.736,0.109,0.534,7.804,7.875,7.733,10.792,0.969,71.15,0.961,-0.019,0.182
Denmark,7.645599842,7.711244583,7.579955101,10.77400112,0.955990791,72.40250397,0.951444268,0.066201776,0.168489456,7.62,7.687,7.552,10.933,0.954,72.7,0.946,0.03,0.179,7.636,7.71,7.563,1.953,1.243,0.777,0.719,0.188,0.532,7.586,7.667,7.506,10.962,0.954,71.25,0.934,0.134,0.196
Switzerland,7.559899807,7.628527641,7.491271973,10.97993279,0.942846596,74.10244751,0.921336651,0.105911039,0.303728431,7.571,7.643,7.5,11.117,0.942,74.4,0.919,0.025,0.292,7.512,7.586,7.437,2.026,1.226,0.822,0.677,0.147,0.461,7.24,7.324,7.156,11.164,0.92,72.9,0.891,0.027,0.266
Iceland,7.504499912,7.621346951,7.387652874,10.77255917,0.974669576,73,0.948891878,0.246944219,0.711709738,7.554,7.67,7.438,10.878,0.983,73,0.955,0.16,0.673,7.557,7.651,7.464,1.936,1.32,0.803,0.718,0.27,0.191,7.53,7.625,7.434,10.896,0.983,72.05,0.936,0.211,0.668
Norway,7.487999916,7.55628109,7.419718742,11.08780384,0.952486575,73.20078278,0.955750287,0.13453263,0.263218194,7.392,7.462,7.323,11.053,0.954,73.3,0.96,0.093,0.27,7.365,7.44,7.29,1.997,1.239,0.786,0.728,0.217,0.474,7.315,7.402,7.229,11.088,0.943,71.5,0.947,0.141,0.283
Netherlands,7.448900223,7.503372192,7.394428253,10.81271172,0.93913883,72.30091858,0.908547819,0.20761244,0.364717126,7.464,7.518,7.41,10.932,0.942,72.4,0.913,0.175,0.338,7.415,7.471,7.359,1.945,1.206,0.787,0.651,0.271,0.419,7.403,7.46,7.346,10.942,0.93,71.55,0.887,0.213,0.379
Sweden,7.353499889,7.424519062,7.282480717,10.75879383,0.926311195,72.60076904,0.939144194,0.111614622,0.250880182,7.363,7.433,7.293,10.867,0.934,72.7,0.945,0.086,0.237,7.384,7.454,7.315,1.92,1.204,0.803,0.724,0.218,0.512,7.395,7.468,7.322,10.883,0.939,72.15,0.948,0.165,0.202
New Zealand,7.299600124,7.376952648,7.222247601,10.50094318,0.949118972,73.20262909,0.936217487,0.191598073,0.22113885,7.277,7.355,7.198,10.643,0.948,73.4,0.929,0.134,0.242,7.2,7.279,7.12,1.852,1.235,0.752,0.68,0.245,0.483,7.123,7.198,7.048,10.662,0.952,70.35,0.887,0.175,0.271
Austria,7.294199944,7.359595776,7.228804111,10.7428236,0.928045869,73.00250244,0.899989486,0.085429221,0.499954879,7.268,7.337,7.198,10.906,0.934,73.3,0.908,0.042,0.481,7.163,7.237,7.089,1.931,1.165,0.774,0.623,0.193,0.329,7.097,7.176,7.018,10.899,0.888,71.15,0.855,0.102,0.497
Canada,7.23210001,7.311294556,7.152905464,10.69236851,0.927176654,73.60160065,0.933913231,0.124770768,0.390843362,7.103,7.185,7.021,10.776,0.926,73.8,0.915,0.089,0.415,7.025,7.107,6.943,1.886,1.188,0.783,0.659,0.217,0.368,6.961,7.042,6.879,10.773,0.929,71.4,0.874,0.153,0.42
Australia,7.222799778,7.30480814,7.140791416,10.72059631,0.944854617,73.60453796,0.915431738,0.19046016,0.41516912,7.183,7.265,7.102,10.796,0.94,73.9,0.914,0.159,0.442,7.162,7.244,7.081,1.9,1.203,0.772,0.676,0.258,0.341,7.095,7.18,7.009,10.821,0.934,71.05,0.89,0.198,0.496
United Kingdom,7.164500237,7.237337589,7.091662884,10.60013485,0.93668282,72.30160522,0.834743679,0.263732493,0.435915917,7.064,7.138,6.99,10.707,0.934,72.5,0.859,0.233,0.459,6.943,7.018,6.867,1.867,1.143,0.75,0.597,0.289,0.329,6.796,6.877,6.714,10.704,0.882,70.3,0.852,0.253,0.454
Israel,7.128600121,7.211929798,7.045270443,10.41752529,0.913571239,73.20025635,0.747580588,0.10259372,0.78085506,7.157,7.224,7.09,10.575,0.939,73.503,0.8,0.031,0.753,7.364,7.426,7.301,1.826,1.221,0.818,0.568,0.155,0.143,7.473,7.535,7.411,10.639,0.943,72.697,0.809,-0.023,0.708
Costa Rica,7.121399879,7.209239483,7.033560276,9.658156395,0.901545942,71.29985046,0.934738934,-0.10242971,0.786332428,7.069,7.179,6.96,9.88,0.891,71.4,0.934,-0.126,0.809,6.582,6.683,6.481,1.584,1.054,0.744,0.661,0.089,0.102,6.609,6.71,6.507,9.952,0.872,70,0.895,-0.07,0.768
Ireland,7.093699932,7.171832085,7.01556778,11.16097832,0.942081571,72.30078888,0.886982977,0.145784974,0.357184172,7.085,7.164,7.006,11.342,0.947,72.4,0.879,0.077,0.363,7.041,7.121,6.961,2.129,1.166,0.779,0.627,0.19,0.408,6.911,6.996,6.825,11.527,0.905,71.3,0.874,0.092,0.358
Germany,7.075799942,7.145595074,7.00600481,10.7328186,0.898874462,72.20201874,0.867371082,0.080179386,0.456422031,7.155,7.232,7.077,10.873,0.903,72.5,0.875,0.011,0.46,7.034,7.122,6.947,1.924,1.088,0.776,0.585,0.163,0.358,6.892,6.989,6.795,10.879,0.896,71.3,0.846,0.03,0.42
United States,6.939599991,7.032339573,6.846860409,10.92576885,0.914219022,68.29949951,0.842619538,0.149891734,0.699715316,6.951,7.047,6.856,11.023,0.92,68.2,0.837,0.098,0.698,6.977,7.065,6.888,1.982,1.182,0.628,0.574,0.22,0.177,6.894,6.986,6.802,11.048,0.919,65.85,0.8,0.137,0.689
Belgium,6.863500118,6.930866241,6.796133995,10.6736393,0.911632538,72.00164795,0.813582063,-0.078691199,0.612297952,6.834,6.901,6.767,10.823,0.906,72.199,0.783,-0.153,0.646,6.805,6.89,6.72,1.907,1.106,0.764,0.492,0.049,0.204,6.859,6.926,6.793,10.844,0.915,70.899,0.825,0.001,0.549
United Arab Emirates,6.790800095,6.870568752,6.711031437,11.1099987,0.849181116,67.08278656,0.941345513,0.123450845,0.594502211,6.561,6.637,6.484,11.085,0.844,67.333,0.932,0.074,0.589,6.576,6.66,6.492,1.998,0.98,0.633,0.702,0.204,0.25,6.571,6.656,6.486,11.145,0.826,66.243,0.942,0.096,0.584
Malta,6.772799969,6.856997967,6.688601971,10.53383827,0.93037951,72.19999695,0.924911439,0.214965805,0.658547282,6.602,6.688,6.516,10.674,0.931,72.2,0.927,0.133,0.653,6.447,6.535,6.359,1.838,1.169,0.789,0.679,0.174,0.166,6.3,6.388,6.212,10.661,0.923,71.6,0.886,0.119,0.729
France,6.663799763,6.737450123,6.590149403,10.58422279,0.937103748,73.80193329,0.825467646,-0.130641967,0.583521128,6.69,6.762,6.618,10.704,0.942,74,0.822,-0.147,0.571,6.687,6.758,6.615,1.863,1.219,0.808,0.567,0.07,0.266,6.661,6.735,6.588,10.701,0.909,72.3,0.819,-0.1,0.553
Mexico,6.465000153,6.559319973,6.370680332,9.797797203,0.838665426,68.29902649,0.858709276,-0.175266623,0.806821585,6.317,6.42,6.213,9.859,0.831,68.597,0.862,-0.147,0.799,6.128,6.238,6.017,1.552,0.886,0.623,0.621,0.092,0.115,6.33,6.441,6.218,9.85,0.804,65.8,0.856,-0.094,0.768
Uruguay,6.440100193,6.529121399,6.351078987,9.948192596,0.92281127,69.00254822,0.892395437,-0.101103112,0.635994136,6.431,6.521,6.341,9.966,0.925,69.1,0.896,-0.092,0.59,6.474,6.562,6.386,1.615,1.18,0.672,0.665,0.103,0.265,6.494,6.583,6.404,10.037,0.913,67.5,0.895,-0.065,0.575
Saudi Arabia,6.406499863,6.517305851,6.295693874,10.79781246,0.874067068,66.30514526,0.854191244,-0.168695062,0.682619512,6.494,6.604,6.384,10.743,0.891,66.603,0.877,-0.149,0.684,6.523,6.637,6.409,1.87,1.092,0.577,0.651,0.078,0.18,6.463,6.581,6.344,10.715,0.884,64.399,0.894,-0.081,0.691
Spain,6.400899887,6.483808517,6.317991257,10.46292686,0.921125412,74.40270996,0.751989543,-0.050961714,0.765859902,6.491,6.574,6.408,10.571,0.932,74.7,0.761,-0.081,0.745,6.476,6.56,6.392,1.808,1.211,0.808,0.505,0.101,0.149,6.436,6.519,6.354,10.54,0.932,72.35,0.782,-0.066,0.711
Italy,6.38740015,6.47224474,6.302555561,10.48183632,0.889878571,73.60168457,0.66465199,-0.043460999,0.873404682,6.483,6.572,6.395,10.623,0.88,73.8,0.693,-0.084,0.866,6.467,6.57,6.363,1.834,1.052,0.801,0.412,0.085,0.059,6.405,6.511,6.298,10.634,0.882,72.05,0.711,-0.074,0.842
Singapore,6.377099991,6.442287445,6.311912537,11.39552116,0.910268962,76.80458069,0.926645339,0.029879224,0.109784193,6.377,6.46,6.293,11.488,0.915,76.953,0.927,-0.018,0.082,6.48,6.569,6.392,2.149,1.127,0.851,0.672,0.163,0.587,6.587,6.72,6.454,11.571,0.878,73.8,0.878,0.063,0.146
Brazil,6.375599861,6.455549717,6.295650005,9.56643486,0.896723807,66.48016357,0.799804807,-0.101812392,0.770601273,6.33,6.415,6.245,9.577,0.882,66.601,0.804,-0.071,0.756,6.293,6.384,6.202,1.462,1.044,0.615,0.546,0.131,0.134,6.125,6.252,5.997,9.582,0.836,65.749,0.801,-0.009,0.738
Slovenia,6.363399982,6.449328899,6.277471066,10.39232254,0.939575672,71.1029892,0.936142623,-0.080603383,0.817071021,6.461,6.546,6.376,10.529,0.948,71.4,0.949,-0.101,0.806,6.63,6.718,6.542,1.81,1.249,0.769,0.685,0.118,0.115,6.65,6.75,6.55,10.588,0.951,71.052,0.913,0.014,0.771
El Salvador,6.34829998,6.462466717,6.234133244,8.909075737,0.806092262,66.10826111,0.833805263,-0.121072978,0.754319906,6.061,6.188,5.933,9.054,0.762,66.402,0.888,-0.11,0.688,6.12,6.25,5.99,1.265,0.768,0.607,0.666,0.089,0.212,6.122,6.257,5.986,9.089,0.755,65.597,0.918,-0.108,0.62
Kosovo,6.325200081,6.427544117,6.222856045,9.204429626,0.820726514,63.88555527,0.861535907,0.190933764,0.922328293,6.372,6.487,6.257,9.318,0.821,63.813,0.869,0.257,0.917,6.455,6.571,6.339,1.362,0.949,0.569,0.599,0.309,0.035,6.368,6.485,6.25,9.359,0.844,65.195,0.861,0.259,0.866
Panama,6.304800034,6.421860695,6.187739372,10.03423405,0.902094483,69.60301208,0.880366504,-0.153927714,0.851588905,6.18,6.323,6.036,10.35,0.896,69.652,0.872,-0.166,0.856,6.309,6.464,6.154,1.715,1.107,0.709,0.592,0.049,0.051,6.265,6.424,6.105,10.305,0.896,68.95,0.855,-0.133,0.878
Uzbekistan,6.257599831,6.36388588,6.151313782,8.740371704,0.926595807,65.10757446,0.974998116,0.248427153,0.501497388,6.179,6.312,6.045,8.836,0.918,65.255,0.97,0.311,0.515,6.063,6.178,5.948,1.219,1.092,0.6,0.716,0.283,0.24,6.014,6.13,5.899,8.948,0.875,65.301,0.938,0.23,0.638
Chile,6.228499889,6.318118572,6.138881207,10.0320549,0.879713595,69.90061951,0.744896293,-0.065668367,0.838239431,6.172,6.262,6.081,10.071,0.882,70,0.742,-0.044,0.83,6.172,6.262,6.082,1.651,1.08,0.748,0.46,0.124,0.069,6.334,6.424,6.243,10.114,0.889,70.3,0.792,-0.011,0.823
Bahrain,6.227300167,6.387789249,6.066811085,10.67638016,0.876342118,68.5,0.905855775,0.13372919,0.7393471,6.647,6.779,6.514,10.669,0.862,69.495,0.925,0.089,0.722,6.647,6.779,6.514,1.854,1.029,0.625,0.693,0.199,0.155,6.173,6.369,5.977,10.776,0.844,65.825,0.944,0.117,0.737
Lithuania,6.215499878,6.302118301,6.128881454,10.34362602,0.926107109,67.29407501,0.747381449,-0.219725296,0.809583843,6.255,6.344,6.167,10.499,0.935,67.906,0.773,-0.203,0.826,6.446,6.535,6.356,1.804,1.204,0.659,0.496,0.053,0.077,6.763,6.849,6.677,10.568,0.939,67.397,0.748,-0.145,0.805
Poland,6.186299801,6.255880356,6.116719246,10.26512432,0.874257445,69.31113434,0.862055779,-0.205084071,0.686927021,6.166,6.245,6.087,10.382,0.898,69.702,0.841,-0.165,0.735,6.123,6.205,6.04,1.758,1.174,0.712,0.523,0.124,0.14,6.26,6.343,6.177,10.453,0.925,69.049,0.765,-0.031,0.736
Colombia,6.163400173,6.274102688,6.052697659,9.500369072,0.884440243,67.69958496,0.836179912,-0.161235645,0.86457181,6.012,6.132,5.892,9.557,0.847,68.001,0.837,-0.135,0.841,5.781,5.903,5.659,1.452,0.929,0.72,0.545,0.087,0.077,5.63,5.747,5.514,9.584,0.822,69.35,0.804,-0.104,0.834
Cyprus,6.15899992,6.258187771,6.059812069,10.40570259,0.805996239,73.70222473,0.779858291,0.043731496,0.856271744,6.223,6.319,6.128,10.576,0.802,73.898,0.763,-0.015,0.844,6.221,6.32,6.122,1.815,0.909,0.819,0.448,0.123,0.062,6.13,6.236,6.024,10.611,0.826,72.802,0.724,-0.06,0.86
Nicaragua,6.13710022,6.262318611,6.011881828,8.493160248,0.857497036,67.50717926,0.863902867,0.020959141,0.665950119,5.972,6.134,5.81,8.62,0.864,67.657,0.836,0.02,0.664,6.165,6.312,6.017,1.105,1.029,0.617,0.617,0.168,0.212,6.259,6.408,6.109,8.618,0.853,65.65,0.877,0.021,0.625
Romania,6.123700142,6.216668129,6.030732155,10.107584,0.825161517,67.20723724,0.842823207,-0.19781521,0.934300244,6.14,6.253,6.027,10.284,0.832,67.355,0.845,-0.219,0.938,6.477,6.575,6.379,1.719,1.006,0.655,0.605,0.039,0.006,6.589,6.69,6.488,10.339,0.848,67.051,0.856,-0.172,0.929
Mauritius,6.101299763,6.213463783,5.989135742,9.956786156,0.910357833,66.40434265,0.889534533,-0.018318573,0.805343091,6.049,6.165,5.933,10.008,0.905,66.701,0.867,-0.054,0.789,6.071,6.184,5.958,1.591,1.116,0.568,0.589,0.131,0.107,5.902,6.013,5.791,9.957,0.888,63.85,0.813,-0.028,0.775
Kazakhstan,6.057899952,6.1426301,5.973169804,10.11465836,0.934744895,64.60996246,0.811601937,-0.068488635,0.764490843,6.152,6.243,6.06,10.155,0.952,65.2,0.853,-0.069,0.733,6.234,6.33,6.138,1.668,1.22,0.611,0.584,0.134,0.157,6.144,6.239,6.049,10.166,0.931,65.802,0.853,0,0.721
Estonia,6.021800041,6.092330933,5.95126915,10.34001732,0.934729993,68.60495758,0.87770915,-0.111697771,0.623073816,6.189,6.263,6.115,10.481,0.941,68.8,0.909,-0.106,0.527,6.341,6.415,6.266,1.793,1.232,0.728,0.689,0.123,0.333,6.455,6.534,6.377,10.541,0.946,69.65,0.929,0.032,0.409
Philippines,6.006000042,6.103722572,5.908277512,8.993545532,0.846730053,61.92676163,0.915463448,-0.105463006,0.733634114,5.88,5.982,5.778,9.076,0.83,62,0.917,-0.097,0.742,5.904,6.007,5.8,1.268,0.912,0.514,0.678,0.107,0.142,5.523,5.675,5.371,8.979,0.78,62.038,0.919,-0.06,0.732
Hungary,6.000400066,6.077767372,5.923032761,10.24924374,0.921934128,67.60997009,0.718964577,-0.194323018,0.892916501,5.992,6.085,5.899,10.358,0.943,68,0.755,-0.186,0.876,6.086,6.187,5.985,1.748,1.233,0.668,0.485,0.078,0.064,6.041,6.149,5.933,10.419,0.943,67.5,0.758,-0.059,0.839
Thailand,5.998799801,6.082288742,5.91531086,9.741791725,0.889973223,67.25059509,0.905063033,0.268685192,0.886272311,5.985,6.077,5.893,9.805,0.888,67.401,0.884,0.287,0.895,5.891,5.994,5.788,1.535,1.096,0.697,0.617,0.321,0.026,5.843,5.969,5.717,9.751,0.874,68.45,0.85,0.289,0.91
Argentina,5.974699974,6.079445839,5.869954109,9.810955048,0.900567949,68.80380249,0.831132412,-0.194913864,0.842009842,5.929,6.04,5.819,9.962,0.898,69,0.828,-0.182,0.834,5.967,6.09,5.844,1.592,1.102,0.662,0.555,0.081,0.085,6.024,6.147,5.9,9.959,0.891,67.2,0.823,-0.089,0.814
Honduras,5.953199863,6.082033634,5.824366093,8.424534798,0.821870148,67.19876862,0.870603263,0.086969115,0.801131904,5.919,6.081,5.758,8.648,0.812,67.3,0.857,0.081,0.809,6.022,6.189,5.855,1.111,0.885,0.555,0.582,0.202,0.076,6.023,6.196,5.849,8.635,0.766,64.063,0.843,0.097,0.843
Latvia,5.949999809,6.018282413,5.881717205,10.17531967,0.918288589,66.8074646,0.671237648,-0.186888844,0.795580089,6.032,6.103,5.961,10.315,0.927,67.1,0.715,-0.162,0.8,6.18,6.255,6.106,1.732,1.221,0.637,0.502,0.075,0.09,6.213,6.295,6.131,10.37,0.937,66.4,0.818,-0.056,0.83
Ecuador,5.925199986,6.028846264,5.821553707,9.246058464,0.836418986,68.50003815,0.859828949,-0.127014965,0.801215112,5.764,5.875,5.653,9.313,0.821,68.8,0.842,-0.124,0.843,5.533,5.653,5.414,1.352,0.879,0.708,0.565,0.08,0.083,5.559,5.682,5.436,9.27,0.806,69,0.802,-0.108,0.833
Portugal,5.910900116,6.015089989,5.806710243,10.26374245,0.886590719,72.40202332,0.888747811,-0.220714301,0.892629504,5.929,6.037,5.821,10.421,0.879,72.6,0.892,-0.244,0.887,6.016,6.122,5.911,1.76,1.078,0.777,0.655,0.016,0.039,5.968,6.076,5.86,10.429,0.878,71.25,0.902,-0.196,0.878
Jamaica,5.889800072,6.126157284,5.65344286,9.006250381,0.915701866,67.09999847,0.858068526,-0.125106767,0.888890028,6.309,6.615,6.004,9.186,0.877,67.5,0.89,-0.137,0.884,5.85,6.023,5.676,1.296,1.045,0.646,0.567,0.08,0.053,5.703,5.876,5.529,9.165,0.867,66.6,0.822,-0.106,0.875
Japan,5.870800018,5.951927662,5.789672375,10.57968903,0.883545935,75.00096893,0.809961379,-0.246910349,0.654558063,5.94,6.02,5.861,10.611,0.884,75.1,0.796,-0.258,0.638,6.039,6.119,5.959,1.835,1.089,0.866,0.537,0.007,0.218,6.129,6.211,6.047,10.616,0.894,74.349,0.799,-0.237,0.64
Peru,5.796800137,5.916970253,5.67663002,9.456313133,0.831075251,68.10023499,0.824766099,-0.16238822,0.893714964,5.84,5.988,5.692,9.458,0.832,68.25,0.822,-0.154,0.891,5.559,5.679,5.439,1.397,0.865,0.735,0.545,0.09,0.037,5.526,5.64,5.412,9.402,0.798,69.85,0.794,-0.119,0.892
Serbia,5.77820015,5.877596378,5.678803921,9.680980682,0.881475747,68.21020508,0.726495862,-0.073676221,0.843509018,6.078,6.181,5.974,9.787,0.873,68.6,0.778,0.002,0.835,6.178,6.294,6.062,1.55,1.086,0.658,0.546,0.219,0.088,6.144,6.299,5.988,9.854,0.873,67.088,0.845,0.204,0.816
Bolivia,5.747499943,5.846765041,5.648234844,8.851115227,0.803108692,63.6004715,0.875873327,-0.09168113,0.822606206,5.716,5.819,5.613,9.046,0.81,63.901,0.875,-0.077,0.839,5.6,5.709,5.491,1.256,0.88,0.555,0.627,0.112,0.064,5.684,5.797,5.572,8.985,0.811,63.599,0.868,-0.063,0.846
Pakistan,5.69329977,5.78780365,5.598795891,8.482727051,0.689062297,58.25313568,0.734833717,0.04489987,0.745705426,4.934,5.066,4.802,8.458,0.651,58.709,0.726,0.098,0.787,4.516,4.634,4.397,1.049,0.413,0.374,0.448,0.181,0.112,4.555,4.707,4.404,8.54,0.601,57.313,0.766,0.008,0.787
Paraguay,5.692100048,5.793937683,5.590262413,9.389982224,0.898727894,65.63993835,0.885923445,0.007997713,0.834788501,5.653,5.832,5.473,9.448,0.893,65.9,0.876,0.028,0.882,5.578,5.689,5.467,1.409,1.13,0.624,0.629,0.171,0.059,5.738,5.851,5.625,9.51,0.906,65.9,0.891,0.021,0.843
Dominican Republic,5.689199924,5.826069355,5.552330494,9.664880753,0.882085383,65.80748749,0.866202772,-0.131263286,0.755999923,5.545,5.685,5.405,9.802,0.853,66.102,0.86,-0.133,0.714,5.737,5.873,5.601,1.538,1.003,0.577,0.606,0.084,0.179,5.569,5.712,5.426,9.811,0.827,64.399,0.85,-0.099,0.657
Bosnia and Herzegovina,5.674099922,5.765016556,5.583183289,9.455817223,0.829204142,67.80813599,0.651352704,0.098274559,0.933769107,5.813,5.911,5.715,9.59,0.87,68.098,0.706,0.113,0.931,5.768,5.877,5.659,1.468,1.068,0.665,0.448,0.244,0.006,5.633,5.775,5.49,9.616,0.88,67.275,0.746,0.206,0.918
Moldova,5.607500076,5.690360069,5.524640083,8.776714325,0.843313575,65.01301575,0.721609175,-0.037741039,0.913314283,5.766,5.856,5.677,9.454,0.857,65.699,0.822,-0.079,0.918,5.857,5.948,5.766,1.417,1.008,0.597,0.561,0.102,0.028,5.819,5.922,5.717,9.499,0.857,65.299,0.84,-0.08,0.901
Tajikistan,5.555699825,5.619050026,5.492349625,8.024810791,0.835297108,64.10459137,0.831383407,-0.025088511,0.592076063,5.466,5.532,5.4,8.091,0.86,64.281,0.832,-0.056,0.553,5.377,5.468,5.287,0.966,1.005,0.518,0.572,0.118,0.304,5.33,5.452,5.207,8.237,0.836,62.226,0.832,-0.06,0.522
Montenegro,5.54610014,5.642112255,5.450088024,9.751860619,0.855314612,68.50534821,0.649565637,-0.075600356,0.783121586,5.581,5.686,5.475,9.94,0.858,68.699,0.708,-0.034,0.812,5.547,5.681,5.413,1.573,1.023,0.659,0.46,0.135,0.077,5.722,5.941,5.503,9.813,0.89,67.1,0.805,0.063,0.844
Greece,5.514999866,5.606986046,5.423013687,10.13232613,0.814380348,72.40525818,0.541345119,-0.300907373,0.859931409,5.723,5.813,5.632,10.279,0.823,72.6,0.582,-0.288,0.823,5.948,6.043,5.853,1.703,0.98,0.774,0.249,0.015,0.108,5.931,6.024,5.838,10.288,0.835,71.15,0.568,-0.24,0.793
Croatia,5.504700184,5.578756332,5.430644035,10.07087517,0.874623716,70.21490479,0.714838803,-0.128538325,0.916495264,5.882,5.975,5.788,10.217,0.924,70.799,0.754,-0.118,0.939,6.125,6.229,6.022,1.705,1.183,0.709,0.535,0.109,0,6.125,6.237,6.013,10.341,0.917,68.95,0.757,-0.093,0.925
Mongolia,5.456200123,5.535213947,5.377186298,9.412186623,0.937142491,62.30448532,0.693351328,0.098093867,0.863511205,5.677,5.76,5.595,9.4,0.935,62.5,0.708,0.116,0.856,5.761,5.845,5.676,1.393,1.197,0.467,0.398,0.247,0.059,5.84,5.93,5.75,9.372,0.933,60.5,0.701,0.19,0.849
Malaysia,5.384300232,5.479953289,5.288647175,10.26251888,0.816509426,67.10215759,0.894626856,0.114726797,0.839302301,5.384,5.48,5.289,10.238,0.817,67.102,0.895,0.125,0.839,5.711,5.845,5.578,1.689,0.938,0.62,0.654,0.213,0.126,6.012,6.167,5.858,10.169,0.799,65.662,0.877,0.16,0.758
Indonesia,5.285600185,5.379077435,5.192122936,9.36975193,0.808379889,62.15584946,0.870614409,0.519586504,0.876296401,5.345,5.454,5.235,9.365,0.811,62.236,0.873,0.542,0.867,5.24,5.341,5.139,1.382,0.883,0.539,0.62,0.468,0.047,5.277,5.392,5.161,9.385,0.804,63.048,0.88,0.531,0.876
Benin,5.21600008,5.368408203,5.063591957,7.674319744,0.468671143,54.31246567,0.735182583,-0.003537213,0.740532577,5.045,5.189,4.901,8.087,0.489,54.713,0.757,-0.034,0.661,4.623,4.754,4.492,0.932,0.064,0.335,0.479,0.127,0.23,4.374,4.504,4.244,8.103,0.437,56.095,0.743,-0.043,0.576
Ghana,5.147999763,5.262923717,5.033075809,8.350645065,0.728601098,57.20398712,0.794796526,0.094170853,0.847964764,5.088,5.219,4.958,8.58,0.727,57.586,0.807,0.123,0.848,4.872,4.999,4.745,1.112,0.595,0.409,0.5,0.23,0.056,4.605,4.729,4.481,8.596,0.641,58.763,0.777,0.139,0.881
Nepal,5.137199879,5.250276566,5.024123192,7.925357342,0.785512447,63.77917862,0.797565043,0.154168829,0.738099158,5.269,5.406,5.132,8.12,0.774,64.233,0.782,0.152,0.727,5.377,5.502,5.251,0.984,0.784,0.499,0.519,0.237,0.13,5.36,5.507,5.214,8.256,0.748,61.847,0.808,0.146,0.783
China,5.123899937,5.174667358,5.073132515,9.688568115,0.798760593,69.2891922,0.898517907,-0.18142575,0.7539711,5.339,5.397,5.281,9.673,0.811,69.593,0.904,-0.146,0.755,5.585,5.65,5.52,1.508,0.958,0.705,0.656,0.099,0.142,5.818,5.905,5.731,9.738,0.836,68.689,0.882,-0.041,0.727
Bulgaria,5.101500034,5.188173294,5.014826775,9.869318962,0.937840343,66.80397797,0.745178163,-0.143908441,0.935585141,5.266,5.371,5.16,10.016,0.931,67,0.788,-0.096,0.932,5.371,5.485,5.257,1.625,1.163,0.64,0.563,0.123,0.021,5.466,5.582,5.35,10.087,0.918,66.5,0.801,-0.057,0.911
Morocco,5.094799995,5.203875065,4.985724926,8.940313339,0.592628479,65.89624023,0.772072434,-0.240377247,0.815724611,4.918,5.036,4.8,8.903,0.56,66.208,0.774,-0.236,0.801,5.06,5.181,4.938,1.208,0.268,0.565,0.492,0.02,0.102,4.903,5.023,4.783,8.973,0.553,63.901,0.787,-0.231,0.811
Cameroon,5.084899902,5.216800213,4.952999592,8.118647575,0.700386405,52.7049408,0.763051808,-0.00149645,0.851336598,5.142,5.288,4.996,8.189,0.71,53.515,0.731,0.026,0.848,5.048,5.188,4.907,0.968,0.672,0.317,0.397,0.152,0.074,4.973,5.112,4.834,8.217,0.686,55.847,0.686,0.015,0.846
Algeria,5.005099773,5.09180212,4.918397427,9.537964821,0.803385139,65.90517426,0.466610909,-0.121105164,0.735485137,4.887,4.991,4.783,9.342,0.802,66.005,0.48,-0.067,0.752,5.122,5.215,5.03,1.363,0.97,0.643,0.146,0.106,0.15,5.329,5.451,5.207,9.3,0.855,66.549,0.571,-0.117,0.717
Senegal,4.980800152,5.084227562,4.877372742,8.118982315,0.723616004,59.59915161,0.690596163,-0.052335154,0.808785141,5.132,5.266,4.998,8.118,0.71,59.802,0.695,-0.046,0.801,5.046,5.171,4.921,0.933,0.53,0.447,0.494,0.143,0.081,4.855,4.983,4.727,8.155,0.629,59.999,0.772,0.011,0.846
Guinea,4.949299812,5.09246254,4.806137085,7.750990391,0.637573481,54.46780014,0.706846774,0.076328471,0.761794448,4.984,5.16,4.808,7.838,0.639,55.008,0.697,0.095,0.766,4.891,5.028,4.753,0.848,0.566,0.275,0.334,0.214,0.116,5.072,5.213,4.931,7.88,0.649,54.185,0.659,0.125,0.787
Albania,4.882699966,4.992686749,4.772713184,9.417930603,0.671070457,68.70813751,0.781994224,-0.042309489,0.896303713,5.117,5.234,5.001,9.52,0.697,68.999,0.785,-0.03,0.901,5.199,5.321,5.076,1.439,0.646,0.719,0.511,0.138,0.028,5.277,5.406,5.148,9.567,0.718,69.15,0.794,-0.007,0.878
Cambodia,4.848400116,4.962093353,4.734706879,8.249890327,0.773080647,61.52996826,0.959704638,0.051911179,0.822769046,4.83,4.963,4.698,8.36,0.765,62,0.959,0.034,0.843,4.64,4.765,4.516,1.019,0.732,0.505,0.74,0.166,0.068,4.393,4.508,4.279,8.385,0.747,61.9,0.958,0.073,0.857
Bangladesh,4.832799911,4.911443233,4.75415659,8.287063599,0.687292993,64.50306702,0.90062499,-0.033664726,0.661843538,5.025,5.115,4.934,8.454,0.693,64.8,0.877,-0.041,0.682,5.155,5.262,5.049,1.06,0.614,0.581,0.622,0.125,0.187,4.282,4.416,4.148,8.685,0.544,64.548,0.845,0.005,0.698
Gabon,4.829299927,4.947425842,4.711174011,9.680537224,0.787886858,59.71533966,0.704829216,-0.222261623,0.849150956,4.852,4.998,4.706,9.603,0.776,59.962,0.731,-0.2,0.84,4.958,5.091,4.826,1.459,0.738,0.396,0.343,0.032,0.099,5.035,5.175,4.894,9.537,0.746,58.252,0.642,-0.187,0.786
South Africa,4.814099789,4.931746006,4.696453571,9.403370857,0.852532268,56.50601196,0.759330094,-0.109777324,0.843423843,4.956,5.074,4.839,9.403,0.86,56.904,0.749,-0.067,0.86,5.194,5.315,5.073,1.425,1.088,0.361,0.442,0.089,0.046,5.275,5.417,5.132,9.478,0.907,56.989,0.73,-0.087,0.902
Iraq,4.784800053,4.937272072,4.632328033,9.661095619,0.747694969,59.90354919,0.633182645,-0.06956476,0.82226181,4.854,4.97,4.738,9.24,0.746,60.583,0.63,-0.053,0.875,4.941,5.099,4.783,1.289,0.682,0.554,0.328,0.147,0.046,4.941,5.099,4.783,9.098,0.718,63.415,0.646,-0.005,0.876
Lebanon,4.771500111,4.857257843,4.685742378,9.3617239,0.824338138,67.10658264,0.551357508,-0.06121527,0.90225625,4.584,4.691,4.477,9.626,0.848,67.355,0.525,-0.073,0.898,2.955,3.049,2.862,1.392,0.498,0.631,0.103,0.082,0.034,2.392,2.479,2.305,9.478,0.53,66.149,0.474,-0.141,0.891
Burkina Faso,4.768700123,4.890351772,4.647048473,7.46854496,0.712943614,53.88945389,0.665563583,-0.019080516,0.739795029,4.834,4.993,4.675,7.678,0.672,54.151,0.695,-0.009,0.748,4.67,4.814,4.527,0.779,0.565,0.32,0.382,0.186,0.126,4.638,4.819,4.456,7.667,0.663,55.461,0.696,0.095,0.771
Mali,4.729300022,4.855451107,4.603148937,7.629852295,0.731468976,51.72698212,0.71156615,-0.044366926,0.839328408,4.723,4.884,4.563,7.744,0.724,51.969,0.697,-0.036,0.827,4.479,4.611,4.347,0.792,0.483,0.311,0.35,0.128,0.042,4.198,4.319,4.076,7.655,0.593,55.403,0.713,-0.028,0.846
Nigeria,4.724100113,4.826248169,4.621952057,8.57662487,0.73721689,49.86190796,0.759578407,0.033745807,0.861874342,4.759,4.861,4.658,8.533,0.74,50.102,0.737,0.037,0.878,4.552,4.651,4.453,1.079,0.732,0.3,0.444,0.175,0.038,4.981,5.136,4.825,8.496,0.74,54.891,0.718,0.073,0.911
Armenia,4.676799774,4.791646481,4.561953068,9.100476265,0.757479429,66.75065613,0.712017834,-0.13877961,0.773544788,5.283,5.397,5.168,9.487,0.799,67.055,0.825,-0.168,0.629,5.399,5.519,5.278,1.434,0.82,0.668,0.558,0.054,0.21,5.342,5.47,5.213,9.615,0.79,67.789,0.796,-0.155,0.705
Georgia,4.672599792,4.757698059,4.587501526,9.226100922,0.629033029,64.49520874,0.801641524,-0.22892037,0.665944695,4.891,4.998,4.785,9.585,0.671,64.3,0.783,-0.238,0.655,4.973,5.079,4.867,1.467,0.612,0.595,0.508,0,0.208,5.109,5.219,5,9.646,0.716,64.95,0.786,-0.254,0.649
Jordan,4.633399963,4.748552322,4.518247604,9.025999069,0.80216372,66.79975128,0.75104779,-0.162565202,0.700344324,4.395,4.516,4.273,9.182,0.767,67,0.755,-0.167,0.705,4.152,4.276,4.029,1.324,0.724,0.675,0.476,0.058,0.2,4.12,4.242,3.997,9.13,0.729,67.6,0.77,-0.15,0.687
Mozambique,4.623600006,4.778996944,4.468203068,7.069345951,0.723874032,54.20582199,0.864451885,0.032375868,0.683019102,4.794,4.997,4.592,7.158,0.744,54.706,0.882,0.061,0.684,5.048,5.273,4.823,0.578,0.66,0.191,0.593,0.185,0.2,4.954,5.181,4.727,7.116,0.692,51.53,0.851,0.047,0.66
Kenya,4.583000183,4.715898037,4.450102329,8.02977562,0.702652037,60.09693146,0.829747558,0.294681519,0.831499159,4.607,4.747,4.466,8.361,0.688,60.704,0.779,0.287,0.825,4.543,4.683,4.403,1.032,0.605,0.401,0.44,0.322,0.082,4.487,4.616,4.357,8.458,0.69,58.499,0.696,0.288,0.852
Namibia,4.571100235,4.690628052,4.451572418,9.203141212,0.846880972,56.50148773,0.767520964,-0.18530646,0.851449788,4.574,4.7,4.448,9.161,0.818,56.799,0.719,-0.149,0.847,4.459,4.593,4.326,1.292,0.877,0.354,0.384,0.067,0.071,4.631,4.766,4.496,9.121,0.787,56.851,0.669,-0.126,0.83
Ukraine,4.56069994,4.658080578,4.463319302,9.010690689,0.878879368,64.60678101,0.663081884,-0.030933706,0.920636714,4.875,4.977,4.773,9.436,0.888,64.902,0.724,-0.011,0.924,5.084,5.19,4.978,1.411,1.081,0.583,0.473,0.188,0.017,5.071,5.187,4.956,9.314,0.878,64.55,0.795,0.24,0.907
Uganda,4.43200016,4.566251278,4.297749043,7.500389576,0.764994621,55.70820236,0.731713951,0.099487431,0.836737812,4.636,4.78,4.493,7.677,0.781,56.101,0.709,0.122,0.855,4.603,4.747,4.459,0.777,0.875,0.418,0.402,0.222,0.066,4.432,4.607,4.258,7.716,0.794,58.913,0.701,0.114,0.857
Tunisia,4.392199993,4.489554405,4.294845581,9.314972878,0.688718557,66.89785767,0.593361557,-0.216413811,0.867590249,4.596,4.709,4.484,9.266,0.691,67.201,0.656,-0.201,0.87,4.516,4.629,4.403,1.35,0.596,0.656,0.316,0.029,0.029,4.497,4.601,4.393,9.244,0.73,67,0.576,-0.213,0.907
Sri Lanka,4.327000141,4.431047916,4.222952366,9.389969826,0.825374067,67.20006561,0.837633669,0.081129618,0.859001756,4.325,4.454,4.196,9.47,0.827,67.299,0.841,0.079,0.863,4.362,4.487,4.237,1.415,0.934,0.66,0.529,0.15,0.079,4.442,4.603,4.28,9.491,0.826,67.15,0.787,-0.03,0.808
Myanmar,4.308000088,4.392180443,4.223819733,8.680481911,0.78440702,58.96171188,0.895075202,0.560663998,0.645124316,4.426,4.527,4.324,8.541,0.779,59.302,0.876,0.509,0.66,4.394,4.511,4.277,1.038,0.829,0.491,0.513,0.452,0.194,4.372,4.533,4.212,8.404,0.787,61.388,0.727,0.491,0.658
Togo,4.187200069,4.309713364,4.064686775,7.357711315,0.551312625,54.71989822,0.649828613,0.002667875,0.757733464,4.107,4.258,3.956,7.362,0.569,54.914,0.619,0.032,0.772,4.112,4.272,3.953,0.771,0.322,0.36,0.292,0.174,0.132,4.137,4.289,3.986,7.673,0.595,57.449,0.657,0.024,0.74
Ethiopia,4.186200142,4.262473583,4.109926701,7.509385586,0.743307352,58.63959122,0.740795195,0.043377332,0.753690004,4.275,4.374,4.175,7.694,0.764,59,0.752,0.082,0.761,4.241,4.365,4.118,0.788,0.809,0.457,0.472,0.205,0.136,4.091,4.273,3.908,7.739,0.782,60.698,0.72,0.273,0.789
Sierra Leone,3.926399946,4.046255589,3.806544304,7.26880312,0.636142015,50.86514282,0.715315044,0.088660747,0.861330688,3.849,4.001,3.698,7.434,0.63,51.651,0.717,0.084,0.866,3.574,3.732,3.416,0.686,0.416,0.273,0.387,0.202,0.055,3.138,3.299,2.976,7.394,0.555,54.9,0.66,0.105,0.858
Zambia,3.759399891,3.878326178,3.640473604,8.224720001,0.698824465,55.29937744,0.806500256,0.078037128,0.801289678,4.073,4.209,3.938,8.145,0.708,55.809,0.782,0.061,0.823,3.76,3.902,3.618,0.93,0.577,0.306,0.525,0.203,0.083,3.982,4.167,3.797,8.074,0.694,55.032,0.791,0.098,0.818
India,3.573299885,3.627596378,3.519003391,8.849823952,0.592200935,60.21518707,0.881444871,0.057551607,0.772042692,3.819,3.869,3.769,8.755,0.603,60.633,0.893,0.089,0.774,3.777,3.828,3.726,1.167,0.376,0.471,0.647,0.198,0.123,4.036,4.092,3.98,8.759,0.608,60.777,0.897,0.072,0.774
Malawi,3.538000107,3.675710678,3.400289536,7.062226295,0.544007301,57.59288788,0.803223193,0.021433279,0.731700778,3.6,3.781,3.419,6.958,0.537,57.948,0.78,0.038,0.729,3.75,3.941,3.56,0.648,0.279,0.388,0.477,0.14,0.157,3.495,3.671,3.32,7.302,0.531,58.475,0.75,0.005,0.749
Tanzania,3.476200104,3.600091219,3.352308989,7.967665195,0.688933194,57.49607468,0.82153976,0.109668687,0.619799435,3.623,3.762,3.485,7.876,0.702,57.999,0.833,0.183,0.577,3.702,3.847,3.558,0.848,0.597,0.425,0.578,0.248,0.27,3.694,3.84,3.547,7.857,0.653,59.401,0.838,0.182,0.554
Zimbabwe,3.299200058,3.414201975,3.184198141,7.865711689,0.763092756,55.61725998,0.711457908,-0.072063953,0.81023699,3.145,3.259,3.03,7.943,0.75,56.201,0.677,-0.047,0.821,2.995,3.11,2.88,0.947,0.69,0.27,0.329,0.106,0.105,3.204,3.323,3.084,7.641,0.69,54.05,0.654,-0.046,0.766
Afghanistan,2.566900015,2.628270388,2.505529642,7.462860584,0.470366955,52.59000015,0.396573007,-0.0964294,0.933686554,2.523,2.596,2.449,7.695,0.463,52.493,0.382,-0.102,0.924,2.404,2.469,2.339,0.758,0,0.289,0,0.089,0.005,1.859,1.923,1.795,7.324,0.341,54.712,0.382,-0.081,0.847
