Country Name,Internet Users_2020,Internet Users_2021,Internet Users_2022,Internet Users_2023,GDP_2020,GDP_2021,GDP_2022,GDP_2023,Education Expenditure_2020,Education Expenditure_2021,Education Expenditure_2022,Education Expenditure_2023,Healthcare Expenditure_2020,Healthcare Expenditure_2021,Healthcare Expenditure_2022,Healthcare Expenditure_2023,Unemployment Rate_2020,Unemployment Rate_2021,Unemployment Rate_2022,Unemployment Rate_2023,Life Expectancy_2020,Life Expectancy_2021,Life Expectancy_2022,Life Expectancy_2023,Population in Urban Areas_2020,Population in Urban Areas_2021,Population in Urban Areas_2022,Population in Urban Areas_2023
Afghanistan,17,16.5,17.2,17.7,510.7870634,356.4962141,357.2611528,413.7578947,0,0,0,0,15.53361416,21.508461,23.0881691,0,11.71,11.994,14.1,13.991,61.454,60.417,65.617,66.035,10.80532972,10.83931336,10.98572995,11.06909288
Africa Eastern and Southern,0,0,0,0,1344.10321,1522.393346,1628.318944,1568.159891,4.35243988,4.771326065,4.628623962,0,6.035806396,6.044467856,5.727920445,0,8.191394911,8.577384992,7.985202252,7.806365422,63.766484,62.97999919,64.48701955,65.14629086,14.37993946,14.50822144,14.64972274,14.81285508
Africa Western and Central,0,0,0,0,1680.039332,1765.954788,1796.668633,1599.392983,3.398740768,3.203484297,2.905294418,0,3.892964205,4.152318805,4.209822096,0,4.852392701,4.736731762,3.658573181,3.277245466,57.3644254,57.36257169,57.98781339,58.85572155,17.00202472,17.19192523,17.39413202,17.59840716
Albania,72.2,79.3,82.6,83.1,5370.7775,6413.282808,6846.426694,8575.171346,3.342299938,3.022559881,2.744329929,0,7.50389433,7.39913177,6.19368076,0,11.69,11.474,10.137,10.108,77.824,76.844,78.769,79.602,0,0,0,0
Algeria,63.5,72.2,74.8,76.9,3743.541952,4160.559267,4961.552577,5364.02795,6.193917274,5.514032841,4.749246597,5.610157013,5.63831711,5.0110569,3.6230433,0,14.057,13.63,12.346,11.701,73.257,75.208,76.129,76.261,6.284127155,6.275891483,6.275555969,6.285842288
American Samoa,0,0,0,0,14489.25866,15236.16049,18017.45894,0,0,0,0,0,0,0,0,0,0,0,0,0,72.672,72.708,72.752,72.852,0,0,0,0
Andorra,93.2,93.9,94.5,95.4,37361.09007,42425.69968,42414.05901,46812.44845,2.632130384,2.583972216,2.647289991,1.92790997,8.78673935,8.33450699,7.53678846,7.92821121,0,0,0,0,79.418,82.331,84.016,84.041,0,0,0,0
Angola,36.6,39.4,42.1,44.8,1449.922867,1925.874661,2929.694455,2309.53413,2.667447329,2.297108889,2.332125902,0,3.27488494,3.09277129,2.92737579,0,16.69,15.799,14.602,14.537,63.116,62.958,64.246,64.617,24.90139347,24.99643451,25.12274089,25.2853327
Antigua and Barbuda,75,76.1,77.2,77.6,15369.60823,17348.6007,20105.19891,21494.5474,2.993403196,2.574648857,3.64774847,0,5.72944784,4.99196768,5.7299943,0,0,0,0,0,77.161,77.197,77.483,77.598,0,0,0,0
Arab World,0,0,0,0,5722.480995,6681.708952,7931.617893,7479.688091,0,0,0,0,5.712238203,5.279890283,4.450977188,0,11.32561254,10.88965878,9.953570646,9.581397143,70.72655881,70.40411449,71.8760956,72.44467836,22.72537354,22.8562208,22.82479276,22.79881856
Argentina,85.5,87.2,88.4,89.2,8535.59938,10738.01792,13935.68111,14187.48273,5.276899815,4.641170025,4.805210114,0,10.45030594,10.03832245,9.86305332,0,11.461,8.736,6.805,6.139,75.878,73.948,75.806,77.395,42.99529795,43.22729196,43.49783685,43.74898671
Armenia,76.5,78.6,77,80,4268.680933,4685.179971,6571.974455,8125.273958,2.705559969,2.767849922,2.491899967,0.242599994,12.24056244,12.32268524,9.96212864,0,18.175,15.469,13.379,13.245,73.37560976,72.27804878,74.76585366,77.46585366,36.67989195,36.76808561,36.7785262,36.93327261
Aruba,0,0,0,0,22855.93232,27200.06108,30559.53353,33984.79062,0,0,0,0,0,0,0,0,0,0,0,0,75.406,73.655,76.226,76.353,0,0,0,0
Australia,94.7,97,97,97.1,51791.54018,60607.77886,64997.01365,64835.91998,5.378280163,5.333209991,5.206776619,0,10.66040134,10.42525291,9.92687893,0,6.456,5.116,3.728,3.668,83.2,83.3,83.2,83.05121951,61.12562832,61.9236242,61.99539724,61.3278909
Austria,87.5,92.5,93.6,95.3,48716.40989,53648.71907,52176.66491,56033.57379,5.571269989,5.494110107,4.774471283,0,11.31641102,12.15228558,11.15729332,10.87779903,5.201,6.459,4.992,5.264,81.19268293,81.1902439,81.29512195,81.54146341,21.64375278,21.71677183,21.6772318,21.63077855
Azerbaijan,84.6,86,88,89,4229.910649,5408.045352,7770.594223,7133.02838,4.332049847,3.702080011,3.046900034,3.582900286,5.84817696,4.68526697,3.97840643,0,7.24,6.04,5.65,5.636,70.312,70.999,74.125,74.429,23.19840414,23.38562304,23.67546606,23.95424523
"Bahamas, The",92.4,94.3,94.7,94.8,26178.75376,30367.86058,34957.16133,38231.77448,3.790011644,3.006932497,2.836576223,0,7.59303093,7.0057478,7.21692038,0,12.027,11.032,9.272,8.643,72.994,70.752,74.491,74.552,0,0,0,0
Bahrain,99.7,100,100,100,24342.84446,27147.80839,30470.52193,29290.12842,2.552374601,2.221358061,1.98779726,0,4.7196188,4.49223804,3.83745313,0,1.781,1.541,1.326,1.154,78.683,78.083,80.992,81.284,0,0,0,0
Bangladesh,36.1,38.9,41.6,44.5,2248.850788,2482.849178,2716.485928,2551.017738,1.765280604,1.831179976,1.711836696,1.775227427,2.27063942,2.36551309,2.39038587,0,5.436,5.327,4.593,4.454,71.421,71.103,74.265,74.672,15.650026,16.02888267,16.37156529,16.67334103
Barbados,76,77.9,79.4,80,18347.11091,18696.7859,22164.02603,23804.02499,4.168600082,4.863609791,4.416240215,4.044760227,7.27405739,7.93866014,6.29389191,0,9.777,9.433,8.365,7.878,76.647,76.58,75.676,76.178,0,0,0,0
Belarus,85.1,86.9,89.5,91.5,6542.8558,7489.718947,7994.648061,7896.753883,4.862639904,4.606410027,4.628230095,4.951479912,6.40607214,6.56549978,6.65919876,0,4.049,3.9,3.574,3.461,72.13856098,72.07146341,74.10336585,74.18378049,21.62168847,21.9167253,22.1993849,22.41436266
Belgium,91.5,92.8,94,94.6,45906.28758,51658.23829,50822.25185,54690.09427,6.801859856,6.355519772,0,0,11.26481915,11.04724503,10.76192474,0,5.545,6.248,5.57,5.528,80.69512195,81.7902439,81.74878049,82.39756098,27.06791047,27.12970911,27.07359714,26.97117937
Belize,64.4,70.7,71.8,72.4,5227.193638,6122.611586,7068.454783,7459.998151,5.216320038,5.948790073,4.596509933,4.25564003,5.35447645,5.05842113,4.23173904,0,10.784,10.322,8.763,8.267,71.58,70.917,72.19,73.566,0,0,0,0
Benin,22.1,28.2,30,32.2,1200.194266,1318.651581,1266.42711,1394.177847,3.094415188,3.203484297,3.377859116,0,2.7123611,2.58129549,2.67981386,0,1.502,1.779,1.685,1.657,60.154,59.61,60.475,60.774,0,0,0,0
Bermuda,0,0,0,0,106976.5462,112765.0817,121613.94,132604.4391,1.890087724,1.884916902,1.922213435,1.933646798,0,0,0,0,0,0,0,0,81.456,81.745,82.062,82.309,0,0,0,0
Bhutan,76.9,85.6,86.3,88.4,3191.66907,3570.61258,3711.32768,3839.409304,5.543412685,6.598386288,7.469820023,5.845185757,4.08451509,3.0729053,4.38545895,0,5.03,4.803,5.947,3.126,72.253,72.448,72.754,72.975,0,0,0,0
Bolivia,59.9,66,67.4,70.2,3099.942191,3384.844865,3643.92827,3686.279964,8.437109947,7.962150097,7.575500011,0,8.0225811,8.159729,8.43142891,0,7.903,5.089,3.552,3.024,62.906,61.427,67.434,68.581,41.25142737,41.60960212,41.90538599,42.10973575
Bosnia and Herzegovina,73.2,75.7,78.8,83.4,6130.311332,7295.343824,7655.59421,8663.02323,3.019540787,4.136229992,0,0,9.70311832,9.55514336,8.71644783,0,15.868,14.897,12.657,10.668,76.04,74.567,76.777,77.85,0,0,0,0
Botswana,69.5,78.7,80.4,81.4,6323.297498,7807.887945,8328.709057,7826.353765,8.058336258,0,0,0,6.1213398,6.30754805,5.72838593,0,21.017,23.106,23.615,23.381,67.643,63.303,68.749,69.163,0,0,0,0
Brazil,81.3,80.7,80.5,84.2,7074.193783,7972.53665,9281.333344,10377.58928,5.771500111,5.49698019,0,0,9.62326527,9.63646507,9.14277458,0,13.697,13.158,9.231,7.947,74.506,73.038,74.872,75.848,43.05981905,43.33583851,43.62212584,43.87326521
British Virgin Islands,0,0,0,0,0,0,0,0,2.705389977,2.86991334,2.484019995,0,0,0,0,0,0,0,0,0,76.894,75.297,77.177,77.276,0,0,0,0
Brunei Darussalam,96.3,97.6,99,99,26834.35925,31006.96362,36632.92804,32890.54925,0,0,0,0,2.45178461,2.14642429,1.81768215,0,7.409,4.905,5.191,5.183,75.114,74.869,72.917,75.327,0,0,0,0
Bulgaria,70.2,75.3,79.1,80.4,10769.94757,12972.21734,13999.67192,15883.86185,4.505139828,4.73032999,0,0,8.48235893,8.61892796,7.66357517,0,5.125,5.267,4.268,4.319,73.35609756,71.21219512,74.16097561,75.70731707,19.55468549,19.73646217,19.90363022,19.98130486
Burkina Faso,10.8,12.6,14.6,17,825.2370388,895.5352884,836.1183046,882.6898101,5.150865078,5.224015236,5.276512146,0,6.57714844,6.40747881,6.77182007,0,5.04,5.2,5.389,5.348,60.454,60.046,60.7,61.092,12.9446023,13.25113344,13.57582674,13.91450607
Burundi,9.17,11,11,11.1,210.0081399,214.0914554,250.6342254,192.0743054,5.321585178,4.871141911,4.821047306,0,10.71837234,8.99484253,8.39522648,0,1.03,1.118,0.915,0.921,62.569,62.101,62.882,63.651,0,0,0,0
Cabo Verde,69.4,70.3,72.8,73.5,3539.226612,3971.444092,4323.31362,4861.291841,0,6.037500858,4.672885418,0,6.63319778,7.316607,6.67440224,0,14.69,13.976,12.246,11.971,73.818,74.424,75.907,76.059,0,0,0,0
Cambodia,53.7,58,59.7,60.7,2081.739142,2167.403242,2325.0305,2429.748535,3.002350092,3.011626482,2.883492708,2.951152325,5.28458023,5.51976061,4.71089554,0,0.172,0.396,0.231,0.225,70.059,69.301,70.528,70.668,12.42270922,12.62844635,12.85594397,13.09236519
Cameroon,41.2,42,41.8,41.9,1555.603707,1672.326573,1604.87727,1736.860911,3.103901386,2.827640772,2.617684364,0,4.25051928,4.30539274,4.47835922,0,3.87,3.973,3.653,3.613,61.674,61.146,62.443,63.7,29.20822212,29.564577,29.90404039,30.21387083
Canada,92.3,93.9,94,94,43537.8393,52886.66164,56256.80073,54220.3285,4.887949944,4.748600006,4.139571667,0,13.02419472,12.41920948,11.23432541,11.22370815,9.657,7.527,5.279,5.415,81.53512195,81.51682927,81.24536585,81.64658537,45.75532787,45.99396849,45.64991558,44.80212598
Caribbean small states,0,0,0,0,11925.7574,13833.30993,17355.83666,17582.26368,4.257669926,3.00432992,2.879704237,0,6.951111176,6.544941433,5.692697744,0,9.86550042,9.538943393,8.388552353,7.821884021,71.93943593,69.92281075,72.83229211,73.171645,0,0,0,0
Cayman Islands,0,0,0,0,82338.79829,86438.44526,92202.1478,97749.5079,1.455420017,1.312530041,1.488940001,0,0,0,0,0,0,0,0,0,79.23,79.3,79.984,80.358,0,0,0,0
Central African Republic,0,0,0,0,462.8790713,492.2631428,467.359825,495.9788973,2.1446805,1.87251687,2.115091324,0,8.98555374,9.15270615,9.95509052,0,6.196,6.375,5.956,5.877,50.596,40.279,18.818,57.408,0,0,0,0
Central Europe and the Baltics,0,0,0,0,16595.93527,19239.8185,19548.69305,22699.53517,4.721590042,4.684060097,0,0,7.254796461,7.438134351,7.027525817,0,4.361481611,4.46083553,3.98390654,4.014051053,76.01627013,74.72328279,76.65229873,77.89678365,0,0,0,0
Chad,8.34,13.1,12.5,13.2,866.9478149,946.3585002,966.0364683,989.058529,2.739603996,2.88812995,2.538672924,0,4.4533143,4.17851543,4.52549791,0,1.707,1.548,1.096,1.074,53.082,53.136,54.528,55.069,8.258772195,8.279629777,8.304317303,8.242241964
Channel Islands,0,0,0,0,56785.9402,66912.17532,67627.30845,74589.13812,0,0,0,0,0,0,0,0,6.863,6.875,6.147,6.187,80.9,80.3,81,81.1,0,0,0,0
Chile,87.5,90.2,93.5,94.5,13114.81547,16206.83255,15405.61658,17067.03648,5.629930019,4.999239922,0,0,9.68910599,9.68593311,10.06172848,10.09532642,10.934,9.281,8.249,9.013,79.349,78.876,79.176,81.167,34.93549304,35.0096529,35.06841086,35.11597712
China,70.1,73.1,75.6,77.5,10627.4638,12887.43572,12970.60564,12951.17824,4.233381271,3.988325119,4.023569584,0,5.59359741,5.38360548,5.36948681,0,5,4.55,4.98,4.67,78.019,78.117,78.202,77.953,29.03499809,29.76998435,30.52300983,31.2803562
Colombia,69.8,73,72.8,77.3,5339.687114,6222.621644,6680.445069,7000.836605,0,0,0,0,8.71432114,9.01772404,7.57361269,7.69168758,15.983,13.898,10.547,9.594,74.757,72.698,76.508,77.725,44.2970439,44.40370044,44.48976751,44.51831451
Comoros,22.4,30.7,32.8,35.7,1527.169909,1587.729886,1533.877553,1682.202851,2.378050804,2.274853945,2.431644201,0,5.902421,6.43369246,8.3803854,0,4.471,4.394,3.816,3.776,65.756,65.201,66.481,66.777,0,0,0,0
"Congo, Dem. Rep.",21.6,28.4,29.5,30.5,507.5212301,558.0340773,642.6122671,633.3956617,2.622638464,2.660484791,3.002521276,0,3.97694445,3.67749357,3.78614616,0,5.345,5.28,4.522,4.484,60.428,60.044,60.979,61.895,22.98747209,23.23169149,23.48476178,23.73299919
"Congo, Rep.",24.8,33.3,37.5,38.4,1993.586672,2516.162551,2620.838043,2477.978455,4.619013786,3.67454195,2.951592207,0,4.01775074,3.49339676,2.19224548,0,22.198,21.96,20.108,19.898,64.391,64.192,65,65.772,62.61953546,63.19506709,63.75076552,64.27614293
Costa Rica,80.5,82.7,82.6,85.4,12394.0494,12838.11854,13625.90085,16942.02681,6.62898016,6.248419762,0,0,7.82545757,7.61130476,7.18368196,0,16.432,15.139,11.325,8.325,79.725,78.05,79.316,80.799,27.8017488,28.07384128,28.36266533,28.63542927
Cote d'Ivoire,36,36,38.4,40.7,2179.729348,2455.981276,2333.371283,2554.673049,3.786740065,3.327189922,3.511970043,3.429929972,3.62327886,3.76207662,3.6424129,0,2.584,2.63,2.306,2.27,60.14,60.29,61.562,61.944,17.9930182,18.06637549,18.14702957,18.2455661
Croatia,78.3,81.3,82.1,83.2,14808.46202,17789.93047,18466.09555,21865.45628,4.389019966,4.056660175,0,0,7.64949179,8.01351929,7.21545315,0,7.507,7.608,6.96,6.086,77.52439024,76.42439024,77.57560976,78.47317073,0,0,0,0
Cuba,71.1,67.6,68.3,71.3,9605.261251,0,0,0,0,9.38586235,0,0,12.48641968,13.78727913,11.78683186,0,2.24,2.116,1.82,1.719,77.407,73.201,77.629,78.085,19.15135294,19.2666214,19.40077687,19.50039433
Curacao,0,0,0,0,16356.09333,17979.99829,20501.75228,21061.74164,0,0,0,0,0,0,0,0,0,0,0,0,76.501,75.686,76.729,76.8,0,0,0,0
Cyprus,90.8,90.8,89.6,91.2,28649.01563,33734.03516,33894.44922,36551.41797,5.636940002,5.235859871,0,0,8.76033878,9.47552109,8.87060547,0,7.755,7.513,6.806,6.098,81.23,80.573,80.434,81.648,0,0,0,0
Czechia,81.3,82.7,84.5,86,23472.89155,27696.46195,28282.22367,31591.05682,4.721590042,4.803199768,0,0,9.15721989,9.45247459,8.79904652,8.53962803,2.55,2.803,2.224,2.579,78.22682927,77.22195122,78.92926829,79.87804878,12.20559293,12.49026725,12.35073488,12.18090836
Denmark,96.5,98.9,97.9,98.8,60985.48856,69727.98737,68091.31911,68453.87693,7.383540154,6.999929905,5.296434402,0,10.71854591,10.74728584,9.4758625,9.41784573,5.637,5.043,4.434,5.094,81.60243902,81.40487805,81.30487805,81.85365854,23.09023693,23.19736959,23.21061176,23.22206401
Djibouti,59.9,61.4,63.3,65,2844.888106,3025.911264,3133.257798,3397.520158,0,0,0,0,2.32228446,2.88669515,2.49675012,0,27.713,27.668,26.307,26.154,64.2,63.83,65.54,65.987,0,0,0,0
Dominica,75.7,82.7,83.3,83.8,7827.748427,8376.404141,9323.660895,9912.962128,4.69630003,5.465845108,6.043142319,4.656741142,6.12651205,6.31661367,6.31969738,0,0,0,0,0,71.269,69.832,71.081,71.132,0,0,0,0
Dominican Republic,81.6,85.2,81.5,84.6,7135.222733,8527.075486,10104.24493,10630.43174,4.517698288,3.747313499,3.940271378,0,4.93967104,4.91807747,4.57254791,0,6.126,7.702,5.504,5.555,72.636,71.757,74.211,73.72,30.13893153,30.46537791,30.7871774,31.09882259
Early-demographic dividend,0,0,0,0,3250.749747,3765.510798,4113.000849,4322.182794,4.090565205,3.872497559,3.617783785,0,5.04812078,5.074445751,4.705658448,0,7.410809782,6.786333959,5.714150891,5.260029505,69.88013085,68.17909948,71.43045525,71.79624498,18.77625743,18.98396051,19.17840154,19.3603922
East Asia & Pacific,0,0,0,0,11595.29409,13282.76367,13084.28481,13117.90954,3.652873516,3.335639954,3.368479609,0,6.969516979,6.770504256,6.590113928,0,4.289700499,4.054342453,4.089531228,3.857711655,76.54343761,76.15300938,76.67678344,76.65951833,0,0,0,0
East Asia & Pacific (IDA & IBRD countries),0,0,0,0,8485.420258,10086.47852,10220.3605,10239.67433,3.216528893,2.982124329,2.887386799,2.951152325,5.353382348,5.261605546,5.154711419,0,4.38272644,4.139769791,4.245548757,3.990239378,75.73384971,75.30098061,75.96103475,75.90856436,0,0,0,0
East Asia & Pacific (excluding high income),0,0,0,0,8391.368384,9974.6364,10106.87252,10125.76681,3.216528893,2.982124329,2.887386799,2.951152325,5.353222631,5.261445642,5.154511079,0,4.360739681,4.122485917,4.223298385,3.972396589,75.69763933,75.27814184,75.93254094,75.88068309,0,0,0,0
Ecuador,70.7,69.1,69.7,72.7,5463.645153,6061.323502,6515.585284,6737.847484,4.261030197,3.647769928,3.59897995,3.893650055,8.6576252,8.20646191,7.53457022,0,6.127,4.552,3.761,3.51,72.004,72.746,76.577,77.392,27.74400414,27.95716024,28.16808804,28.36172113
"Egypt, Arab Rep.",71.9,72.1,72.2,72.7,3511.11381,3827.354154,4233.307837,3456.789685,0,0,0,0,4.15384626,4.60955143,4.70438385,0,7.974,7.441,7.344,7.334,69.79,68.976,71.01,71.633,23.9502706,24.06684488,24.18224844,24.24716533
El Salvador,54.6,61.8,65.5,67.7,3997.192796,4642.607431,5074.602102,5365.444914,3.660880089,3.577660084,3.256340027,3.172189951,8.95105076,10.12668991,9.84079742,0,5.008,4.327,2.999,2.992,70.244,69.941,71.969,72.099,17.73574973,17.70050491,17.68510485,17.68809045
Equatorial Guinea,55,58.7,59.3,60.4,5764.055029,6945.630698,7589.299649,6677.793435,0,0,0,0,3.99582434,3.39468098,2.91350007,0,8.781,8.976,8.455,8.367,62.141,62.447,63.355,63.707,0,0,0,0
Eritrea,14.3,18.4,18.7,20,0,0,0,0,0,0,0,0,4.31046677,4.17839003,3.87447667,0,6.088,6.177,5.695,5.586,66.98,66.94,67.789,68.624,0,0,0,0
Estonia,89.1,91,91.5,93.2,23933.99394,27953.76702,28451.14778,30133.30445,5.52696991,5.26320982,0,0,7.57906437,7.47860336,6.98701143,0,6.956,6.178,5.571,6.378,78.59512195,76.94390244,77.84390244,78.4902439,0,0,0,0
Eswatini,49,54,57.5,57.6,3454.784217,3966.298633,3889.65277,3741.690107,5.360104561,5.287148952,5.692605972,6.312942028,7.07603502,7.38329172,7.2226615,0,32.944,34.153,35.359,35.086,59.862,58.228,63.028,64.123,0,0,0,0
Ethiopia,16.1,16.7,0,0,905.3131593,910.9478871,1011.073324,0,4.090565205,4.065248966,3.736495018,0,3.48096275,3.2075386,2.85274577,0,3.994,3.935,3.409,3.402,65.969,65.33,66.897,67.315,4.03110737,4.098233066,4.169417177,4.243157359
Euro area,0,0,0,0,38234.53359,42967.25517,41446.43228,45068.70109,5.139569998,5.050464869,0,0,11.22329832,11.23585607,10.76566102,0,7.829555597,7.722352289,6.749181605,6.557963146,81.48735717,81.58393304,81.62122375,82.19200762,19.62088114,19.7033412,19.70953265,19.70982498
Europe & Central Asia,0,0,0,0,24121.4791,27591.41088,27782.86162,29835.71805,4.862639904,4.790170193,4.543890476,0,10.50985079,10.40787335,9.757937624,0,7.113002368,6.910928566,5.859394448,5.586352535,77.17574845,76.72872669,77.83611309,78.38701832,20.7400376,20.88970728,21.0419651,21.17982889
Europe & Central Asia (IDA & IBRD countries),0,0,0,0,8456.581747,9987.988644,11410.44153,12106.92409,4.389019966,4.096445084,4.054027557,0,6.773711906,6.457490073,6.083169623,0,7.242965625,6.833363079,5.685061062,5.160330972,73.15237382,72.15390077,74.19160336,74.7300564,21.04688158,21.24019007,21.54687973,21.85132985
Europe & Central Asia (excluding high income),0,0,0,0,5733.417619,6623.351377,7247.609812,8571.410187,4.389126778,4.136229992,4.106591225,4.951479912,5.544325854,5.717847581,4.710808393,0,9.316387245,9.010554343,7.815804015,7.333127511,73.55895735,72.88743297,74.57862234,74.79871528,23.4751386,23.65651836,24.14443736,24.66841443
European Union,0,0,0,0,34698.40321,39214.36608,37962.8295,41392.07438,4.876560211,4.803199768,0,0,10.86350203,10.86994787,10.36572377,0,7.053502103,7.014184537,6.144234647,6.025065807,80.44147547,80.30719644,80.71298184,81.41145038,17.58818503,17.6993569,17.7213916,17.73130027
Faroe Islands,0,0,0,0,62240.82241,68749.40056,66139.38097,71774.35224,0,0,0,0,0,0,0,0,0,0,0,0,82.64390244,82.84390244,82.94390244,83.14390244,0,0,0,0
Fiji,68.6,74.5,78.2,79.3,4844.421272,4696.171039,5405.030062,5888.736673,5.805195332,4.852686405,3.9383955,4.246798038,5.28987408,7.06084681,4.00910091,3.57928777,4.649,4.701,4.446,4.322,66.924,64.904,67.148,67.316,0,0,0,0
Finland,92.2,92.8,93,93.5,48828.68469,53099.13514,50440.56022,52821.51143,6.634940147,6.538259983,0,0,9.63249588,9.83458328,9.6589222,0,7.759,7.617,6.719,7.151,81.93170732,81.88536585,81.18780488,81.68536585,23.59780908,23.76381448,23.89734825,23.95786752
Fragile and conflict affected situations,0,0,0,0,1689.916908,1763.845894,1903.898873,1781.8601,3.652873516,3.67454195,0,0,4.912512043,5.175243546,4.546843932,0,6.651807556,6.777619441,5.609176212,5.20087834,62.08818298,61.63212679,62.72768319,63.37328126,15.31143245,15.44439141,15.63412436,15.83000179
France,84.7,86.1,85.3,86.8,39169.8606,43725.09995,41082.81193,44690.93454,5.659810066,5.430389881,0,0,12.07226849,12.29229355,11.8819046,0,8.009,7.874,7.308,7.335,82.17560976,82.32439024,82.12926829,82.92926829,22.79225741,22.83804986,22.89502177,22.95632434
French Polynesia,0,0,0,0,19966.48385,21982.90389,20738.65,22774.1419,0,0,0,0,0,0,0,0,12.951,12.531,11.888,11.749,82.459,79.571,83.859,84.07,0,0,0,0
Gabon,63.9,68.6,70.7,71.9,6605.803461,8181.409141,8409.207415,8071.397774,3.398740768,2.700792789,2.207736492,0,3.41717625,2.69024062,2.85591531,0,21.27,21.218,20.399,20.278,67.073,67.072,67.713,68.337,0,0,0,0
"Gambia, The",34.2,37.6,44,45.9,720.3351434,781.8909252,836.2448756,888.1574074,2.887345791,3.044776917,2.742823124,2.696594715,3.72824264,3.19251013,3.41435836,0,5.892,6.269,6.076,6.479,64.418,63.847,64.859,65.86,0,0,0,0
Georgia,72.5,76.4,78.7,81.9,4300.857013,5083.606955,6729.846599,8283.669607,3.849859238,3.594419956,3.754980087,3.738610029,8.34160137,8.3153286,7.25569582,0,11.73,11.791,11.647,11.537,73.509,71.635,74.141,74.496,28.95286667,29.09030607,29.10029409,29.12797609
Germany,89.8,91.4,91.6,92.5,47379.76519,52265.65416,49686.11546,53940.40734,5.590380192,5.454889774,4.543890476,0,12.6902256,12.90171242,12.60513115,11.79903221,3.881,3.594,3.12,3.068,81.04146341,80.7902439,80.60804878,80.54146341,9.630831067,9.661285956,9.620804128,9.632185665
Ghana,62.5,68.6,69.4,69.9,2195.454817,2445.186625,2229.891226,2383.904105,3.409159899,3.41949439,2.905294418,0,4.4331708,3.86030865,3.6993649,0,3.313,3.384,3.084,3.063,64.309,64.286,65.246,65.498,18.38341104,18.59548047,18.81112374,19.02547461
Gibraltar,0,0,0,0,0,0,0,0,0,0,0,0,0,0,0,0,0,0,0,0,83.07,80.274,83.517,83.553,0,0,0,0
Greece,78.1,78.5,83.2,85,17886.73317,20654.7002,20971.83493,23400.72788,4.495000362,4.082014561,0,0,9.5242157,9.18476486,8.49983692,0,15.899,14.656,12.426,11.066,81.28780488,80.08292683,80.78780488,81.53658537,29.4744667,29.83435749,30.21765504,30.31508647
Greenland,0,0,0,0,54812.66618,58135.99399,55635.00065,58498.97431,0,0,0,0,0,0,0,0,0,0,0,0,71.85073171,71.81390244,71.5404878,71.5497561,0,0,0,0
Grenada,67.4,70.6,74.3,74.1,8968.558901,9622.240505,10535.45888,11308.28742,0,4.090303421,3.935364962,0,5.3228159,5.34433317,4.94846392,0,0,0,0,0,75.019,74.522,75.151,75.205,0,0,0,0
Guam,0,0,0,0,36482.9364,38074.87937,41833.15171,0,0,0,0,0,0,0,0,0,6.248,5.991,5.454,5.363,75.529,75.434,77.102,77.209,0,0,0,0
Guatemala,47.5,50.8,55.4,56.1,4477.617618,4912.622257,5358.701275,5758.308763,3.295030117,3.106349945,3.229409933,3.179389954,6.45951891,6.97680426,7.44098806,0,2.955,2.174,3.051,2.344,69.971,67.858,71.206,72.602,16.90837154,16.9511525,17.01269568,17.0765609
Guinea,23.4,24.3,24.7,26.5,1053.660977,1244.965505,1416.59612,1555.493758,2.432670116,2.040748119,1.985614896,0,3.90094519,3.7175858,3.95847702,0,6.018,5.827,5.267,5.244,59.35,59.373,60.432,60.74,14.49589015,14.52268052,14.57492019,14.65372038
Guinea-Bissau,20.5,23.4,27.6,32.5,836.2673142,912.4841047,873.4378619,964.9275542,0,0,0,0,9.0293932,8.16332626,8.11358356,0,2.89,3.031,2.666,2.65,61.343,61.653,63.605,64.085,0,0,0,0
Guyana,63,71.7,78.4,81.7,6775.709391,9860.870148,17913.49281,20473.70022,0,0,0,0,5.4180727,4.92369986,3.00636959,0,15.334,14.557,12.013,12.025,67.751,64.323,69.888,70.18,0,0,0,0
Haiti,0,0,0,0,1290.325387,1835.443941,1760.626357,1705.758085,1.37101388,1.242751837,1.274668932,0,3.22171092,3.44216156,3.20848918,0,15.546,15.28,14.635,14.556,63.773,62.613,63.948,64.936,24.66729362,25.00244844,25.34227963,25.67115948
Heavily indebted poor countries (HIPC),0,0,0,0,968.074022,1049.999875,1111.391858,1173.17371,3.597949982,3.373342156,3.444914579,0,4.983652908,4.937928634,4.780126711,0,5.084669868,4.990254516,4.446642037,4.226617652,63.07263197,62.53137357,63.84044586,64.71590542,14.00284374,14.13502917,14.28507603,14.44509672
High income,88.5,90,91.1,92.3,40219.13602,45211.94105,46655.16486,48708.46247,4.882255077,4.834134817,0,0,13.76473163,13.1255942,12.52108025,0,6.461614778,5.560637186,4.503011318,4.338660165,79.20435169,78.80005645,79.43132422,80.15001512,0,0,0,0
Honduras,45.2,52,56.4,58.3,2307.614943,2735.147515,3003.289968,3227.457625,5.97629118,5.810501575,4.441578865,4.046160221,9.03509808,9.16101742,8.28209972,0,10.982,8.506,8.774,6.07,70.864,69.492,72.715,72.884,14.27012226,14.43457487,14.58981914,14.73036119
"Hong Kong SAR, China",92.4,93.1,95.6,96,46109.22999,49770.56424,48825.84419,50565.46477,4.405620098,4.000309944,3.728660107,3.803100109,0,0,0,0,5.808,5.174,4.318,2.949,85.49634146,85.53268293,83.66097561,85.24731707,100,100,100,100
Hungary,84.8,88.6,89.1,91.5,16386.93088,19030.62813,18483.63669,22312.17903,4.153570175,4.684060097,0,0,7.28760386,7.38329268,6.68981791,6.3573041,4.25,4.045,3.609,4.107,75.4195122,74.06585366,75.86829268,76.77073171,18.28331327,18.39764833,18.48197109,18.53646291
IBRD only,0,0,0,0,6236.681205,7366.114738,7745.393066,7964.736753,4.332049847,3.991566062,3.744420052,0,5.818891176,5.697354156,5.55008062,0,6.972138213,6.339003291,5.601595187,5.164780802,73.29542289,71.97452294,74.25156135,74.52096995,23.83074608,24.19561378,24.57421445,24.93747693
IDA & IBRD total,0,0,0,0,4932.646214,5764.255489,6043.777287,6162.305888,4.090565205,3.835334182,3.59078753,0,5.677991895,5.590351075,5.447001683,0,6.643821142,6.171750281,5.423946597,5.03556816,70.74915656,69.66825993,71.67792224,72.00082092,21.45431495,21.7382173,22.03293739,22.31763507
IDA blend,0,0,0,0,1735.425044,1857.197346,1962.521523,1729.919829,3.71980679,3.150542021,3.231781125,0,3.650140262,4.016450526,4.029962979,0,5.847926637,5.830786587,4.811322606,4.415089752,60.81800661,60.87653574,62.12886414,62.46216433,0,0,0,0
IDA only,0,0,0,0,1179.866456,1254.095721,1330.402539,1347.74691,3.371551394,3.311489344,3.480227113,0,4.173769298,4.260467844,4.15494502,0,5.424442148,5.517774929,4.890880348,4.748146829,65.41147907,64.87646341,66.36006053,67.05383189,12.92819356,13.08602871,13.25469661,13.42798225
IDA total,0,0,0,0,1374.492016,1465.046916,1551.173814,1480.943613,3.531016707,3.26533711,3.444914579,0,3.940718688,4.151570478,4.099383542,0,5.576853161,5.630881022,4.862195674,4.62580357,63.80227499,63.47737993,64.88229029,65.45352231,14.55711671,14.72270328,14.89994293,15.08534039
Iceland,99.5,99.7,99.8,99.8,59023.56635,69178.4047,75121.01523,79960.09615,8.58382988,8.217809677,7.139665127,0,9.67780685,9.78697014,9.28593922,8.99166012,5.478,6.029,3.789,3.518,83.06341463,83.16585366,82.1195122,82.60731707,0,0,0,0
India,43.4,0,55.9,0,1907.042516,2239.613844,2347.448294,2530.120313,4.040141582,4.635141373,4.120728493,0,3.34146094,3.34680939,3.3058846,0,7.859,6.38,4.822,4.172,70.156,67.282,71.698,72.003,15.66287006,15.93027679,16.20258693,16.45852285
Indonesia,53.7,62.1,66.5,69.2,3853.702888,4287.17314,4730.834848,4876.307745,1.015932202,1.032217503,0.863943338,1.275170922,3.42067289,3.70634937,2.69394851,0,4.255,3.827,3.462,3.308,68.817,67.452,70.925,71.146,13.56112627,13.74032321,13.91796449,14.08405653
"Iran, Islamic Rep.",75.6,78.6,79.1,79.6,2988.781224,4334.792686,4405.092915,4465.637669,3.204950094,0,3.060367346,2.928923845,5.40149546,5.77013779,5.34889174,0,9.687,9.282,9.085,9.041,74.141,73.752,76.799,77.654,24.90802373,25.04890595,25.08696359,25.1069922
Iraq,53.7,65,78.7,81.7,4295.189451,4868.494311,6520.731546,5965.318351,0,0,0,0,5.76473284,5.25095701,4.29332495,0,15.778,16.173,15.511,15.447,69.651,70.704,72.037,72.324,24.04372812,24.11782432,24.1945398,24.29657251
Ireland,92,96.4,96.6,96.5,86622.50673,103961.9764,105234.5116,103887.8004,3.250819921,3.005980015,0,0,7.06342745,6.59614468,6.11978531,0,5.623,6.364,4.501,4.288,82.45609756,82.25365854,82.5097561,82.86097561,24.36985428,24.30158191,24.09366034,23.93119301
Isle of Man,0,0,0,0,79513.53303,94299.96935,88328.54813,0,0,0,0,0,0,0,0,0,0,0,0,0,80.591,80.42,80.956,80.999,0,0,0,0
Israel,90.1,90.3,91.9,87,44575.5719,52270.90402,54949.62156,52003.72007,6.478819847,6.184010029,6.456244469,0,7.70120192,7.67129993,7.34161806,0,4.169,4.812,3.695,3.596,82.64878049,82.5,82.7,83.19512195,57.82803225,57.8222144,57.62525765,56.81068129
Italy,70.5,74.9,85.1,87,32091.48666,36852.54254,35653.90421,39065.42444,4.441359997,4.218289852,0,0,9.62485981,9.34389782,9.02753067,8.51808929,9.164,9.497,8.069,7.627,82.19512195,82.64634146,82.7,83.7,19.1394228,19.28011372,19.36147943,19.41158577
Jamaica,76.4,82.4,82.4,83.4,4879.440258,5165.337821,6022.153398,6839.725024,5.61749506,5.631239891,5.35435009,5.654536724,6.62580395,7.18521214,7.77706337,0,6.501,5.188,4.083,4.4,71.452,69.085,71.481,71.479,0,0,0,0
Japan,90.2,82.9,84.9,87,40028.73417,40094.55998,34065.6439,33836.17563,3.306289911,3.335639954,3.237621307,0,11.20903683,11.18996906,11.42183685,0,2.809,2.828,2.6,2.6,84.56,84.44560976,83.99634146,84.04121951,64.66119625,64.88238178,65.07477096,65.27681398
Jordan,78.4,86,90.5,92.5,4022.040136,4183.499983,4332.251599,4466.083142,0,3.138370037,3.160229921,0,7.11578226,7.20182657,6.82820034,0,19.213,19.837,18.2,17.969,75.583,74.204,77.088,77.814,19.77218518,19.71878548,19.62981853,19.51392985
Kazakhstan,85.9,90.9,92.3,92.9,8781.507978,9983.601036,11255.33964,12879.42753,4.446203709,4.385694027,4.458202362,0,3.75300956,3.92458963,3.74026752,0,4.89,5.546,4.86,4.821,71.195,70.131,73.503,74.402,15.71556623,15.90090725,16.03182772,16.12673009
Kenya,0,0,0,35,1927.66459,2061.356221,2109.562885,1952.304579,5.045748711,4.89040184,4.511017799,3.962293148,4.49248838,4.56525421,4.32603645,0,5.619,5.693,5.707,5.567,61.596,61.225,63.549,63.646,11.54952874,11.768514,11.99544293,12.22565575
Kiribati,0,0,0,88,1751.78232,2222.048295,2069.767201,2177.701141,0,14.19515991,0,0,13.53000164,11.65399933,10.49855042,0,0,0,0,0,65.205,64.148,66.269,66.473,0,0,0,0
"Korea, Dem. People's Rep.",0,0,0,0,0,0,0,0,0,0,0,0,0,0,0,0,2.948,3,2.805,2.831,72.783,73.437,73.641,73.642,11.80060905,11.84829495,11.89770003,11.95212968
"Korea, Rep.",96.5,97.6,97.2,97.4,31721.29891,35125.5225,32394.68337,33121.37129,4.801720142,4.866270065,0,0,8.3554945,8.95732689,9.43414211,9.88014412,3.931,3.639,2.857,2.675,83.42682927,83.52682927,82.6804878,83.42926829,50.22671687,50.43205813,50.66933289,50.77524308
Kosovo,0,0,0,0,4310.890655,5270.429653,5290.947472,6221.203652,0,0,0,0,0,0,0,0,0,0,0,0,74.212,74.981,77.623,78.033,0,0,0,0
Kuwait,99.1,99.7,99.7,99.7,25236.07555,34018.63429,39981.7691,34075.84904,6.245130539,7.762466908,6.582365036,5.026260853,6.23488235,5.50187826,4.26875782,0,3.557,3.002,2.174,2.127,78.76097561,78.73658537,80.58780488,83.18780488,70.78100033,72.85974228,70.56154477,67.9471177
Kyrgyz Republic,72,77.1,82.6,88.5,1229.517666,1349.997307,1739.720183,2138.222102,6.619716644,6.17235136,7.168843746,6.826946735,4.94803715,5.35275412,4.92258883,0,4.63,4.096,4.043,3.991,71.8,71.9,72.04878049,72.24878049,0,0,0,0
Lao PDR,54,62,62.7,63.6,2583.777307,2526.05105,2046.404403,2066.949798,1.91597271,1.859491825,1.460834384,1.233751655,2.05965185,2.74392009,2.01825476,0,2.361,2.066,1.209,1.188,68.339,67.807,68.715,68.964,0,0,0,0
Late-demographic dividend,0,0,0,0,9869.5402,11755.42454,12280.10754,12422.7254,4.518887043,4.385694027,4.054027557,0,6.123039766,5.910484932,5.82776755,0,5.918844427,5.495153627,5.182734979,4.805538352,76.69371478,76.30608833,76.95458025,77.13012054,28.79148421,29.35278234,29.90751069,30.45197209
Latin America & Caribbean,0,0,0,0,7445.296453,8597.53194,9716.032667,10838.82795,4.517698288,4.168093443,3.794763088,0,8.383748164,8.233717992,7.901369842,0,10.21428159,9.157520461,6.91530044,6.207431309,73.18893402,71.8141668,74.64719894,75.64352933,38.69261332,38.92781154,39.15148732,39.33253127
Latin America & Caribbean (excluding high income),0,0,0,0,6892.381716,7955.361334,9093.652742,10166.92867,4.509149075,4.086657047,3.813961506,0,8.287643816,8.135353096,7.789849269,0,10.21771636,9.180661029,6.863306501,6.101589843,72.87592173,71.43770164,74.48972626,75.49860133,38.85678584,39.07719505,39.29545904,39.47629893
Latin America & the Caribbean (IDA & IBRD countries),0,0,0,0,7240.296724,8382.42554,9482.776399,10593.11643,4.517698288,4.086657047,3.794763088,0,8.284110328,8.236643342,7.903023505,0,10.35224945,9.27350464,6.997690118,6.277058031,73.07474936,71.74492746,74.56842935,75.56992584,38.8539397,39.08913275,39.31040542,39.4908562
Latvia,88.9,91.2,91,92.2,17564.23215,20261.88878,20227.23074,22675.57863,4.850590229,4.615469933,0,0,7.28520584,9.10995388,7.62168407,0,8.098,7.513,6.815,6.465,75.18536585,72.9804878,74.27804878,75.67804878,0,0,0,0
Least developed countries: UN classification,0,0,0,0,1088.704909,1161.529355,1273.789792,1254.232793,3.242703199,3.110792756,3.23824501,0,3.925795169,4.018417444,3.907033264,0,5.639128799,5.753024166,5.088444568,4.946423147,64.83235854,64.26734233,65.76318576,66.51610026,12.82939699,12.99067863,13.16446326,13.3444606
Lebanon,82.1,82.7,82.8,83.5,5561.19167,4045.373911,3654.358455,3477.724898,1.669968128,0,0,0,7.57650805,4.85634661,5.73500204,0,13.284,12.669,11.6,11.543,76.299,73.65,78.003,77.817,42.51588542,42.57707338,42.35633492,41.93915191
Lesotho,43.7,45.1,46.5,48,918.5825774,1066.586436,1030.125796,916.2829705,6.997992516,7.507479191,6.433475494,6.692121983,10.45941448,10.81370068,12.65127754,0,18.399,18.23,16.688,16.457,55.133,54.209,56.812,57.375,0,0,0,0
Liberia,19.4,20.6,21.9,23.5,616.787867,667.9661051,744.6171752,799.1944702,2.136014223,2.111867905,2.276095867,0,12.90504265,13.8384428,13.47386169,0,4.109,3.845,2.977,2.933,61.267,61.166,61.934,62.163,29.46394605,29.83298421,30.19715653,30.54816184
Libya,87.6,88.6,88.6,88.5,6650.338106,4935.827873,5986.636949,6172.812469,0,0,0,0,7.10674047,6.21384287,4.65005827,0,19.613,19.641,19.282,18.753,72.388,72.062,74.462,69.339,16.5368207,16.39469249,16.27715588,16.19692351
Liechtenstein,94.3,95.6,96.5,97.3,164671.0936,201944.8303,186821.8818,207973.6177,0,0,0,0,0,0,0,0,0,0,0,0,81.65853659,84.40243902,84.12195122,84.84146341,0,0,0,0
Lithuania,83.1,86.9,87.7,88.5,20428.64782,23870.45949,25085.78406,27786.00578,4.508590221,4.254909992,0,0,7.47439718,7.75970221,7.24335003,7.29381466,8.487,7.112,5.955,6.841,75.02926829,74.03658537,75.64390244,76.98780488,0,0,0,0
Low & middle income,0,0,0,0,4698.51753,5485.924721,5702.283442,5819.840863,3.952054024,3.747313499,3.58259511,0,5.506663471,5.436701182,5.281293513,0,6.690896715,6.226029712,5.484555473,5.087677414,70.74868001,69.67178439,71.68528188,71.97400488,21.70881754,22.00429956,22.31378635,22.61419572
Low income,18.4,20.9,23.1,24.4,607.9647537,643.369305,723.5046389,697.1711915,3.33394289,3.82175827,3.798119307,0,5.817144151,5.808856598,5.737997892,0,6.114632525,6.148676793,5.485768118,5.297353888,62.8180995,62.37998872,63.45831028,64.51789579,13.44119913,13.55241673,13.68573561,13.83185084
Lower middle income,42.9,46.6,48.8,50.9,2058.4346,2302.447369,2424.150547,2443.408276,3.786740065,3.373342156,3.511970043,0,3.825577005,3.966455013,3.892083233,0,6.674717298,6.023665848,4.855303708,4.413936003,68.04035634,66.3662903,69.30109468,69.59637466,16.56999595,16.81115151,17.05857713,17.29880704
Luxembourg,98.5,98.7,98.2,99.3,116860.0282,134965.8154,123719.6589,131407.6814,3.853499889,3.719890118,4.703022003,0,5.76488066,5.66065645,5.55154753,5.78284121,6.766,5.571,4.588,5.184,82.14390244,82.59756098,82.94634146,83.35853659,0,0,0,0
"Macao SAR, China",87.5,88.5,88,89.2,36976.25611,45376.31459,36909.95641,67476.52908,6.389480114,5.106979847,6.189370155,0,0,0,0,0,2.566,2.229,2.482,2.235,84.12926829,83.72926829,83.0804878,83.1804878,0,0,0,0
Madagascar,11.4,13.7,18.6,20.4,450.7716152,483.4694634,503.5145335,508.7184277,3.25443387,3.198075533,3.139019966,0,3.72316122,3.5045228,3.25023246,0,3.284,3.487,3.186,3.069,62.706,62.516,63.068,63.632,11.63444311,11.89544686,12.1558244,12.41272099
Malawi,13.9,17.5,17,18,602.5074782,617.4475208,604.2697512,602.3436198,0,0,0,0,7.17979383,7.62815809,6.50023508,0,5.728,5.662,5.037,5.033,65.216,64.782,66.037,67.353,5.742430795,5.840549366,5.942637775,6.04760638
Malaysia,89.6,96.8,97.4,97.7,9957.526267,10903.11164,11748.09193,11379.08519,4.518887043,4.261094093,3.499337912,3.627254963,4.08254337,4.37382412,3.90591931,0,4.54,4.64,3.93,3.869,76.057,73.917,75.444,76.657,23.59673738,23.95032506,24.26703088,24.54492643
Maldives,79.1,82,83.9,84.7,7393.888654,10176.14388,11786.00915,12530.36024,5.847608089,4.613797665,4.673443317,5.167063713,11.3365984,10.09611702,9.65276241,0,5.434,5.024,4.419,4.241,78.713,78.052,80.76,81.041,0,0,0,0
Mali,29.1,34,34.4,35.1,953.2429433,1027.273454,969.7222056,1035.862426,3.954459906,4.363709927,4.035055161,0,3.47597885,3.46649742,3.67284775,0,3.528,3.966,2.387,2.956,58.858,59.116,60.035,60.439,12.05538257,12.11878529,12.20901899,12.32427678
Malta,86.9,87.5,91.5,92.1,31833.59638,38065.35435,36224.282,40182.43139,5.644871235,5.364799976,0,0,10.60137844,10.36362457,9.52376747,0,4.347,3.394,2.921,3.11,82.09756098,82.25853659,82.44878049,83.50731707,0,0,0,0
Marshall Islands,56.4,64,64.8,65.7,5661.967873,6258.611937,6322.828555,6678.342391,0,0,7.540939808,0,12.17444134,12.54099083,11.73604298,0,0,0,0,0,65.387,65.421,66.725,66.945,0,0,0,0
Mauritania,27.4,30,34.3,37.4,1795.764596,1947.789184,1960.352401,2120.823184,1.802649975,1.891970038,2.440242529,2.646030426,3.00147843,3.78022528,4.48389912,0,11.054,11.144,10.531,10.446,66.794,66.762,68.281,68.484,28.57822962,28.9816371,29.36106605,29.70583427
Mauritius,67.7,71.6,75.5,79.5,9011.042884,9068.973002,10223.78823,11182.18657,4.35243988,4.67151022,4.84085989,4.567639828,6.09606028,6.6160841,5.82381678,0,8.626,7.719,6.322,5.571,74.17707317,73.6802439,73.51463415,73.41219512,0,0,0,0
Mexico,71.5,75.6,78.6,81.2,8841.270751,10314.05067,11402.14104,13826.13066,4.500599861,4.249529839,0,0,6.0537405,5.89244318,5.72145176,0,4.44,4.019,3.256,2.765,70.449,69.75,73.973,75.069,41.53961748,41.80115954,42.03956428,42.2368628
"Micronesia, Fed. Sts.",39.4,0,0,0,3362.027931,3508.223563,3710.124485,3941.372479,10.53899956,0,0,0,12.01537514,11.41321754,10.34470272,0,0,0,0,0,65.878,66.152,66.961,67.198,0,0,0,0
"Middle East, North Africa, Afghanistan & Pakistan",0,0,0,0,4707.819861,5575.272986,6383.398393,6063.052477,5.089048624,0,0,0,5.798687408,5.517058513,4.784340174,0,9.214422512,9.027122233,8.41864578,8.078864426,69.91107896,69.71131935,71.69183197,72.08394124,22.46865117,22.60797304,22.65627761,22.68691458
"Middle East, North Africa, Afghanistan & Pakistan (IDA & IBRD)",0,0,0,0,2375.473844,2712.781894,2970.114288,2792.714575,0,0,0,0,5.026109086,5.02064253,4.633364598,0,9.753719796,9.613146268,9.045014769,8.919076142,69.0090964,68.89310323,70.96543255,71.31945609,19.64512549,19.73445566,19.82757516,19.91415459
"Middle East, North Africa, Afghanistan & Pakistan (excluding high income)",0,0,0,0,2381.425425,2719.531268,2975.955663,2797.407307,0,0,0,0,5.075551637,5.071819021,4.67920433,0,9.849293764,9.717982295,9.145784822,8.919076142,69.05063429,68.92802148,71.00553154,71.27588499,19.64512549,19.73445566,19.82757516,19.91415459
Middle income,0,0,0,0,5096.735904,5966.000158,6205.545998,6347.753919,4.040141582,3.724696755,3.58109796,0,5.503313913,5.432985715,5.276236765,0,6.73531873,6.232037254,5.484459016,5.071622525,71.52145539,70.39571078,72.51755067,72.74319387,22.47843673,22.80634631,23.14865458,23.48079914
Moldova,58.2,74.5,76.7,80.2,4375.778893,5274.605822,5744.296184,6799.585946,6.601260185,5.824059963,6.110539913,6.252686024,7.00484037,7.7490406,6.96505404,0,1.186,0.785,0.897,1.555,69.914,68.991,71.546,71.198,0,0,0,0
Monaco,98.6,99.1,99.1,99.1,176891.8865,223823.364,226052.0019,256580.5151,0,1.418789983,1.17324996,0,4.27929592,3.67252064,3.39779735,0,0,0,0,0,86.089,85.113,85.746,86.372,0,0,0,0
Mongolia,62.5,81.6,82.2,83,4001.251931,4517.61578,4993.514875,5838.631081,4.663455009,3.343896151,4.180567265,3.741015434,4.6662488,7.21042728,8.85170174,0,6.594,7.747,6.211,5.503,71.34902439,71.64512195,71.90073171,72.12243902,47.61830053,47.73101724,47.89355538,48.0481853
Montenegro,77.6,82.2,88.2,89.8,7612.628459,9377.488797,9990.204446,12077.37471,0,0,0,0,11.42177582,10.55253506,10.92241859,0,17.878,16.543,14.851,14.621,75.93170732,73.82439024,76.18780488,77.58780488,0,0,0,0
Morocco,84.1,88.1,89.9,91,3268.030273,3785.936279,3455.39624,3771.446289,6.284282684,5.642734051,5.912246704,6.020969391,5.59079361,5.522717,5.68049145,0,11.223,10.576,9.494,9.044,73.133,73.385,75.161,75.313,22.02907331,22.14694786,22.2799184,22.42344283
Mozambique,14.3,16.4,18.8,19.8,462.4338765,509.9078295,578.2516638,622.9856193,6.642562866,6.497897625,6.161983967,0,7.54172373,8.86981869,8.77717781,0,3.921,4.053,3.596,3.519,61.39,60.268,63.011,63.611,9.148881057,9.051223989,8.990108661,8.964422943
Myanmar,45.4,56.5,58,58.5,1490.216835,1242.721344,1158.05005,1233.196662,0,0,0,0,4.38807583,5.83599281,5.20476246,0,1.476,4.34,3.057,3.032,66.612,65.553,66.506,66.889,12.76838567,12.90761016,13.04966199,13.19342308
Namibia,57.9,60.3,61.1,64.4,3878.58983,4412.835569,4349.799085,4187.605004,9.277998924,10.39144802,9.677911758,9.044512749,8.88723373,9.33766365,9.29635525,0,21.004,20.922,19.695,19.365,64.071,60.85,64.19,67.385,0,0,0,0
Nauru,81.7,0,0,0,10695.69933,14989.66475,12896.4341,12754.18676,6.09919405,6.218871117,7.805397987,0,11.55650234,12.00061035,18.17031097,0,0,0,0,0,61.527,61.331,61.93,62.109,0,0,0,0
Nepal,38.9,45.3,53.9,55.8,1154.215176,1252.750767,1385.910663,1382.330558,4.211066723,3.95612216,3.617783785,3.681257963,5.2080965,5.32333136,6.65589333,0,12.975,12.186,10.844,10.628,69.106,68.385,70.087,70.354,4.91433678,4.993609841,5.118743672,5.290555385
Netherlands,91.3,92.1,92.5,97,53467.92774,60141.98809,59123.31856,64572.00596,5.423810005,5.506090164,5.052011013,0,11.22355747,11.12490749,10.10068321,0,3.82,4.209,3.526,3.537,81.35853659,81.3097561,81.61463415,81.91463415,12.37851102,12.37392663,12.31893801,12.26169186
New Caledonia,0,0,0,0,33270.3306,35311.55436,33516.36309,0,0,0,0,0,0,0,0,0,13.558,11.54,10.71,10.939,77.049,77.113,77.698,78.766,0,0,0,0
New Zealand,95.2,96.1,96.2,96.2,41850.92033,49689.49813,48760.03819,48654.90423,5.651490211,5.548220158,5.230120182,0,10.05994129,10.0194025,10.02858067,0,4.595,3.776,3.297,3.729,82.25609756,82.20731707,81.95853659,83.00487805,31.56190327,31.89192573,32.29057474,31.90123928
Nicaragua,42.2,47.1,49.1,58.2,1938.447048,2138.385885,2322.89054,2609.444921,4.581561089,4.086657047,3.794763088,0,8.58996105,9.59249973,8.95364857,0,6.201,6.118,4.961,4.716,70.766,70.478,74.463,74.947,16.20190009,16.14588138,16.09195778,16.04003627
Niger,17,17.5,23.3,23.2,579.5124958,608.7224396,609.7451477,638.3360807,3.819200993,3.82175827,4.101430893,0,6.17007589,5.81452751,4.35259724,0,0.594,0.78,0.418,0.425,59.89,59.542,60.398,61.183,5.446787584,5.451360575,5.467408645,5.494037871
Nigeria,31.9,35.5,37.7,39.2,2019.657063,2017.274865,2139.374785,1596.636961,0.359637648,0.381919116,0.348516703,0,3.38063431,4.07625723,4.27090406,0,5.742,5.45,3.821,3.074,53.072,53.455,54.079,54.462,16.21044116,16.4564053,16.71807314,16.99229664
North America,0,0,0,0,62262.64241,69412.91375,75613.45071,79326.90766,5.143965006,5.088449955,4.139571667,0,18.39669783,17.10612213,16.08739351,0,8.230599907,5.5921098,3.833031486,3.840737513,77.44980998,76.86576789,77.83276796,78.73282137,46.33570373,46.64756748,46.73201954,46.66134707
North Macedonia,81.4,81.9,85,87.2,6659.596511,7620.80297,7606.237525,8624.284002,0,0,0,0,7.73212385,8.5240345,7.6204114,0,16.575,15.801,14.476,13.174,74.39512195,73.24634146,74.42487805,75.31609756,0,0,0,0
Northern Mariana Islands,0,0,0,0,18220.83824,19455.50139,23785.75459,0,0,0,0,0,0,0,0,0,0,0,0,0,78.03,78.16,78.531,78.808,0,0,0,0
Norway,94.6,99,99,99,68340.0181,93072.89251,109269.5206,87497.32893,8.372819901,6.96021986,3.968019724,0,11.42416382,9.8142643,7.94803333,0,4.424,4.359,3.231,3.572,83.2097561,83.16341463,82.5097561,83.11219512,19.35835746,19.52880007,19.62684761,19.67521524
Not classified,0,0,0,0,0,0,0,0,0,0,0,0,0,0,0,0,0,0,0,0,0,0,0,0,0,0,0,0
OECD members,0,0,0,0,38704.97731,43149.60725,44046.42625,46672.51399,5.378280163,5.037089825,0,0,13.95480214,13.38254559,12.85819971,0,7.150567539,6.193192458,4.986369265,4.825673308,78.95804796,78.58862176,79.52156846,80.1615573,37.55753764,37.7798323,37.86799682,37.89603554
Oman,95.2,95.2,95.2,95.3,16784.86306,19403.46002,23223.58294,20972.48309,6.877699852,0,4.19907999,0,5.11922884,4.37028217,2.9162159,0,2.94,1.9,3.3,3.176,77.763,75.969,77.911,80.031,34.26710952,35.32700474,34.30322357,32.68431529
Other small states,0,0,0,0,11728.95245,13671.45655,14298.10282,15151.46649,5.360104561,5.235859871,0,0,7.937839223,8.093878822,7.59538349,0,9.923990551,9.442126397,8.787774038,8.428542226,72.50970978,71.76997193,72.90492487,73.56469451,0,0,0,0
Pacific island small states,0,0,0,0,3666.089264,3649.533887,3888.62868,4153.197066,0,0,0,0,6.213840843,7.294171957,5.698650438,0,3.179371277,3.183777288,3.263764127,3.181085508,68.35681088,67.48102092,69.1004349,69.2745949,0,0,0,0
Pakistan,18.9,21.4,24.2,27.4,1278.397352,1455.319224,1538.322813,1365.169274,2.057182312,1.687461257,1.974449039,1.868643403,2.95273018,2.99015832,2.90434051,0,6.127,6.338,5.485,5.408,65.701,65.773,67.417,67.649,19.13229998,19.28357318,19.45774075,19.66674181
Palau,0,0,0,0,14556.58723,13257.20632,14392.20114,15899.42461,3.471180677,3.944170952,3.576201439,3.437264919,13.33730412,14.62713623,14.28555965,0,0,0,0,0,68.689,68.563,68.922,69.269,0,0,0,0
Panama,70,77,77.7,78,13290.56083,15509.80691,17332.43607,18686.4051,4.302840233,3.711410046,3.366930008,0,10.21630001,9.13571072,8.46561432,0,14.663,10.177,8.086,6.544,76.33,77.004,79.324,79.594,43.33048934,43.70319913,44.03687716,44.33668651
Papua New Guinea,24.4,23.2,23.7,24.1,2429.611346,2607.578619,3102.289686,2966.068304,1.498000026,1.345999956,0,0,2.30193973,2.33994722,2.61825109,0,2.883,3.003,2.689,2.661,65.075,64.358,65.274,66.134,0,0,0,0
Paraguay,74,77,76.3,78.1,5365.472207,5976.931798,6205.625954,6299.990265,3.936150074,3.410700083,3.396199942,3.406490088,7.67533064,8.03277016,7.73804235,0,7.548,7.311,6.755,5.794,72.72,68.108,72.319,73.844,50.52534632,50.78121751,51.06624338,51.29216998
Peru,65.3,71.1,74.7,79.5,6133.325524,6826.202556,7350.630343,7887.541859,4.259379864,3.927210093,3.833159924,4.235169888,6.36273861,6.67921352,6.0930872,0,7.179,5.097,3.85,4.899,73.832,71.596,76.834,77.74,32.64205799,32.82300558,32.99316651,33.10438099
Philippines,53.8,66.9,75.2,83.8,3227.579102,3484.385939,3548.069306,3804.082741,3.858290434,3.872497559,3.579600811,3.623686314,5.16214037,5.97500563,5.15676308,5.10629606,2.522,3.398,2.598,2.222,70.097,66.675,69.472,69.833,14.0513244,14.1687351,14.31481136,14.46280407
Poland,83.2,85.4,86.9,86.4,16150.9291,18635.50888,18891.21353,22145.26431,4.852650166,4.673039913,0,0,6.49677992,6.43857718,6.39626455,7.00451565,3.155,3.268,2.811,2.743,76.4,75.35121951,77.15609756,78.50731707,4.753339851,4.839222706,4.873565349,4.89955217
Portugal,78.3,82.3,84.5,85.8,22299.40441,24711.45101,24620.51956,27386.29206,4.876560211,4.78316021,0,0,10.54770088,11.1236763,10.46883011,10.00331116,6.801,6.577,6.011,6.509,81.32926829,81.37804878,81.63170732,82.2804878,41.46637285,41.38295635,41.27249353,40.88785078
Post-demographic dividend,0,0,0,0,44887.38352,50022.03892,51102.35627,53961.34181,5.086080074,5.037089825,0,0,14.44394506,13.85793582,13.36191455,0,6.727514681,5.803617309,4.51609302,4.466412923,80.06591407,79.79558155,80.19785321,80.82283464,37.20079444,37.43119093,37.60212043,37.68269798
Pre-demographic dividend,0,0,0,0,1320.709111,1412.709089,1577.716271,1416.33353,3.25443387,3.115153313,3.188632488,0,4.421060734,4.586247782,4.404538664,0,5.960077686,5.823475559,5.00203737,4.700607933,60.501207,60.27525051,61.383288,62.16362989,15.89446555,16.06249717,16.25123581,16.45387612
Puerto Rico (US),0,84.8,87.3,0,31427.11308,32619.07046,35353.68216,36948.40364,0,0,0,0,0,0,0,0,8.89,7.9,6,5.725,80.009,79.77,79.427,81.69,74.61069177,74.9518422,75.85118273,76.14614182
Qatar,99.7,99.7,99.7,99.7,51683.50544,71751.88313,88701.46335,80195.87465,3.233669996,0,0,0,3.81872201,2.8927927,2.18112326,0,0.14,0.14,0.13,0.13,80.409,81.083,81.857,82.368,0,0,0,0
Romania,78.5,83.6,85.5,89.2,13082.30066,14986.78549,15557.88262,18404.27309,3.589260101,3.324529886,0,0,6.22618055,6.46980715,5.7490139,0,5.035,5.59,5.614,5.589,74.25365854,72.8097561,75.15365854,76.60731707,9.360101738,9.383131806,9.372359044,9.32021804
Russian Federation,85,88.2,90.4,92.2,10108.32715,12425.0293,15619.61426,14159.3877,4.016418457,3.994807005,4.054027557,0,8.04076004,6.97584295,6.91986275,0,5.62,4.749,3.867,3.076,71.33878049,69.9002439,72.54560976,73.25463415,23.29191816,23.4690756,23.63597956,23.77377045
Rwanda,23.8,24.4,31.2,34.2,778.7014988,829.5448456,975.469324,1027.034468,3.33394289,5.589849949,4.746230125,4.920040131,7.48696899,7.30378389,7.8792119,0,11.829,15.775,15.084,12.352,66.953,66.85,67.528,67.785,8.664588422,8.759762071,8.851317446,8.940152586
Samoa,51.7,56.6,57.3,58.1,4099.660091,3947.645179,3869.466395,4330.178405,4.481005192,5.204488277,4.880791187,6.113472939,6.18667269,6.81255674,6.3012085,0,7.435,6.612,5.048,4.977,70.727,71.096,71.55,71.698,0,0,0,0
San Marino,78,81.7,85.1,87,44426.64634,54168.98283,54264.5705,0,3.424619913,3.108920097,3.431818485,0,8.48147392,7.51272249,7.40650225,0,0,0,0,0,82.65,83.539,85.708,85.706,0,0,0,0
Sao Tome and Principe,51.6,61.5,61.6,61.5,2167.220018,2362.588272,2389.737298,2940.933529,5.015238285,5.516176224,5.155980587,0,7.32044411,7.85889721,7.46419811,0,9.686,9.6,8.992,9.071,67.979,68.026,69.237,69.718,0,0,0,0
Saudi Arabia,97.9,100,100,100,24338.83073,31920.76537,38510.22762,36156.84834,0,0,0,5.1146698,6.64630127,5.93034029,4.62462378,0,7.66,6.621,5.589,4.008,77.596,77.089,77.31,78.732,52.69005223,55.09193087,53.71749082,52.2128637
Senegal,53.3,57.3,59.2,60.6,1461.087204,1598.10677,1574.028106,1698.033873,5.686979771,5.612010002,5.987539768,0,5.15119171,4.44256258,4.06358385,0,3.437,3.44,2.837,2.8,67.496,66.868,67.788,68.683,18.7051107,18.75515327,18.84302074,18.9712192
Serbia,78.4,81.2,83.5,85.4,8098.709557,9680.527981,10022.96885,12281.50585,0,3.298670053,3.239389896,0,8.70042229,10.00950623,9.65742779,0,9.011,9.843,8.439,8.268,74.47804878,72.7804878,75.23658537,76.22097561,20.2625521,20.51096187,21.08489389,21.26083486
Seychelles,84.8,87.3,87,87.4,14041.47541,14982.91115,16836.67219,18262.71158,4.891200542,5.623589993,4.740135193,0,6.03121805,5.20266438,4.2375164,0,0,0,0,0,77.23658537,73.39756098,73.70243902,74.95853659,0,0,0,0
Sierra Leone,17.1,18.7,19.2,20.6,845.9829143,886.1929391,860.7745909,757.8486806,8.809548378,9.442235947,8.53918457,6.791097164,9.32588673,8.55334377,7.94752312,0,3.508,3.556,3.175,3.153,59.694,60.26,61.275,61.786,15.18977807,15.27468552,15.36999715,15.47386257
Singapore,92,96.9,96,94.3,61410.07926,80056.12882,90299.06946,85412.23035,2.686990023,2.824709892,2.488919973,2.18787837,5.61608791,5.16690779,4.89702511,0,4.1,4.64,3.591,3.444,83.54390244,83.09268293,82.89512195,82.89512195,100,100,100,100
Sint Maarten (Dutch part),0,0,0,0,30150.89984,32548.43669,36476.63008,38077.54449,0,0,4.18044138,0,0,0,0,0,0,0,0,0,75.002,74.505,76.18,76.371,0,0,0,0
Slovak Republic,89.9,88.9,89.1,87.2,19735.48583,22132.4483,21334.6011,24673.5483,4.764279842,4.797180176,0,0,7.12650204,7.75624657,7.73064041,0,6.719,6.894,6.143,5.84,76.86585366,74.61463415,76.96585366,78.01707317,0,0,0,0
Slovenia,86.6,89,88.9,90.4,25392.06511,29187.36938,28373.83823,32610.11092,5.383739948,5.365260124,0,0,9.42807865,9.48055363,9.60507679,9.41330814,4.971,4.744,4.011,3.652,80.53170732,80.67560976,81.28292683,81.97804878,0,0,0,0
Small states,0,0,0,0,10699.29117,12369.06398,13598.1108,14222.96605,4.856272221,4.953685045,0,0,7.607231486,7.667407249,6.972694462,0,9.112836549,8.720825383,8.040391117,7.666090513,71.82555528,70.77568259,72.37946786,72.90071976,0,0,0,0
Solomon Islands,33.2,41.8,42.1,42.5,2063.331015,1996.869768,2005.413993,2076.107688,9.643546104,8.332326889,8.48737812,8.29349041,4.89478445,4.94758463,4.82369328,0,0.864,0.884,1.483,1.455,69.258,68.89,70.409,70.528,0,0,0,0
Somalia,15,0,27.6,0,518.1847785,549.1147427,573.1280925,597.4588546,0,0,0,0,2.24750042,2.56882048,2.62183189,0,19.413,19.662,19.05,18.941,57.095,55.703,53.931,58.816,13.70477944,13.82583759,14.02919588,14.21938964
South Africa,72.1,75,75.5,75.7,5580.603831,6843.399419,6523.410978,6022.542542,6.170670033,6.549029827,6.16726017,6.148389816,9.01329231,8.67432785,8.77086639,0,29.217,34.007,33.268,32.098,65.15,62.01,65.454,66.139,35.12458336,35.2906429,35.47800433,35.67126024
South Asia,0,0,0,0,1957.203437,2273.720558,2385.083416,2532.375601,2.902711093,2.893651068,2.66481024,1.827745676,3.263977927,3.282118151,3.264518025,0,7.61279542,6.314917441,4.869393034,4.305251766,70.3622207,67.82152998,72.01157313,72.32476488,15.46668281,15.74048032,16.01746258,16.27868595
South Asia (IDA & IBRD),0,0,0,0,1957.203437,2273.720558,2385.083416,2532.375601,2.902711093,2.893651068,2.66481024,1.827745676,3.263977927,3.282118151,3.264518025,0,7.61279542,6.314917441,4.869393034,4.305251766,70.3622207,67.82152998,72.01157313,72.32476488,15.46668281,15.74048032,16.01746258,16.27868595
South Sudan,9.27,0,0,0,0,0,0,0,0,0,0,0,9.31798267,6.25598812,6.76125622,0,14.319,14.029,12.545,12.477,57.648,57.047,57.203,57.617,0,0,0,0
Spain,93.2,93.9,94.5,95.4,27233.94265,30799.47759,30270.2687,33509.0128,4.895400047,4.865069866,4.315878868,0,10.73210335,10.30862141,9.73828793,0,15.532,14.781,12.917,12.179,82.23170732,83.17804878,83.13414634,83.88292683,25.76692867,25.91141004,25.89043358,25.72754438
Sri Lanka,36.2,44.5,48.3,51.2,3847.601377,3996.9624,3342.636503,3798.890166,1.557923913,1.506505847,1.20397222,1.827745676,4.06134748,4.02830219,4.36269855,0,5.364,4.981,4.528,5.997,76.928,76.278,77.3,77.483,0,0,0,0
St. Kitts and Nevis,70.3,74.4,75.6,76.4,18859.01904,18361.14497,20985.01122,22600.45023,3.10357976,2.783790112,3.63147068,0,5.66188908,6.17941952,5.56801701,0,0,0,0,0,71.181,69.271,70.313,72.145,0,0,0,0
St. Lucia,62.1,63.1,65.4,70.1,8411.074749,10459.13212,13103.82431,13554.76848,3.6208601,0,3.698470116,0,6.75983715,5.67880821,5.01938295,0,25.224,20.514,15.934,11.092,72.308,69.119,72.67,72.697,0,0,0,0
St. Martin (French part),0,0,0,0,0,21668.37409,0,0,0,0,0,0,0,0,0,0,0,0,0,0,80.085,80.206,80.236,80.224,0,0,0,0
St. Vincent and the Grenadines,63.4,67.4,71.7,76,8351.20324,8641.27904,9693.558678,10582.36567,5.463758469,0,7.2095294,0,4.8395834,5.36252117,4.68767738,0,20.636,20.341,19.417,18.574,69.605,69.132,71.191,71.23,0,0,0,0
Sub-Saharan Africa,0,0,0,0,1480.478642,1621.10097,1696.439993,1580.787928,3.802970529,3.41949439,3.511970043,0,5.044365779,5.205762752,5.074803517,0,6.803309526,6.987663396,6.198018532,5.887753617,61.16752708,60.70343637,61.85717959,62.60291349,15.44221512,15.59339454,15.75765147,15.9366484
Sub-Saharan Africa (IDA & IBRD countries),0,0,0,0,1480.478642,1621.10097,1696.439993,1580.787928,3.802970529,3.41949439,3.511970043,0,5.044365779,5.205762752,5.074803517,0,6.803309526,6.987663396,6.198018532,5.887753617,61.16752708,60.70343637,61.85717959,62.60291349,15.44221512,15.59339454,15.75765147,15.9366484
Sub-Saharan Africa (excluding high income),0,0,0,0,1544.441121,1700.421999,1772.655354,1614.139025,3.786740065,3.373342156,3.444914579,0,5.147791236,5.327708905,5.220250871,0,7.137661197,7.34354022,6.522162975,6.181448098,60.62222943,60.17747465,61.2833536,62.06547988,16.81929689,16.98240502,17.15954677,17.35344837
Sudan,26.4,0,0,0,577.7952271,712.1220093,1046.240845,797.2834473,0,0,0,0,3.00965381,2.83127832,4.61874437,0,11.958,11.044,7.53,0,65.124,64.46,65.695,66.331,12.45769139,12.45976131,12.47450304,12.67784605
Suriname,69.8,76.6,77.6,78.4,4755.392217,5029.848385,6084.438767,5494.074094,4.584257126,4.131549835,3.434608459,2.866233349,6.67584229,5.46009398,5.91760969,0,8.76,8.491,8.16,7.631,72.321,68.943,73.254,73.631,0,0,0,0
Sweden,94.5,94.7,95,95.7,52653.75659,61174.96802,55296.93715,55567.08901,7.925610065,7.572199821,0,0,11.33296967,11.10180569,10.49857044,10.88682365,8.291,8.722,7.392,7.611,82.35609756,83.05609756,83.05853659,83.3097561,15.77058142,15.90438805,16.01086532,16.13481424
Switzerland,94.3,95.6,96.5,97.3,85897.78433,93664.77367,94394.51068,100631.8028,5.276760101,5.037089825,4.888244629,0,12.00404072,12.00465584,11.70653343,0,4.817,5.013,4.122,4.043,83,83.75121951,83.60487805,84.05609756,16.15338069,16.17053893,16.17416847,16.10624461
Syrian Arab Republic,0,0,0,0,572.3552898,663.6142457,1051.671496,847.3727234,0,0,0,0,3.71555972,4.70613527,4.15098715,0,15.191,14.877,13.268,13.187,71.944,72.418,72.79,72.12,26.81607183,26.84362762,26.70535482,26.40951288
Tajikistan,27.5,49.8,53.1,56.8,834.3117155,896.7480534,1052.179495,1178.479901,5.737252712,5.701633453,5.715097904,5.810545921,8.8903532,8.37504482,7.62917423,0,12.321,12.333,11.634,11.546,68.605,69.594,71.562,71.79,0,0,0,0
Tanzania,17.8,19,22.1,29.1,1117.415283,1159.856567,1207.853027,1224.489624,3.230972528,3.115153313,3.23824501,3.260152817,3.05195832,3.47258258,3.1119566,0,2.781,2.821,2.588,2.582,66.771,66.131,66.879,66.995,12.82880277,13.09700627,13.36716054,13.63996629
Thailand,77.8,85.3,88,89.5,6985.643939,7057.207548,6909.352818,7195.101309,3.153141737,2.982124329,2.611870289,2.521222115,4.35724688,5.15337038,5.35470581,0,1.099,1.215,0.94,0.733,77.331,77.606,75.291,76.412,20.11680132,20.42022001,20.735918,21.05426824
Timor-Leste,32,35,34.5,34,1630.869385,2684.827024,2343.245234,1502.519645,3.652873516,2.973894119,0,0,9.93865013,11.43105984,14.32454681,0,2.782,2.344,1.537,1.521,66.919,66.199,67.368,67.689,0,0,0,0
Togo,29,30.3,35.5,37,853.5782203,939.6133738,898.7581544,985.6975126,4.091336727,4.231181622,3.798119307,0,6.18928432,5.6165967,6.04134083,0,2.225,2.333,1.965,1.948,61.123,61.328,62.29,62.739,21.08347213,21.11189441,21.18341585,21.29775609
Tonga,0,57.5,57.7,58.5,4700.449405,4912.579663,4933.074669,4863.763846,4.860516548,4.927039146,5.646192074,5.145653248,5.56259537,7.63286686,8.13607597,0,2.699,2.111,2.302,2.262,72.379,72.13,72.635,72.895,0,0,0,0
Trinidad and Tobago,77.3,84.4,84.5,84.7,15358.8613,17679.18126,20874.37683,18639.25924,4.257669926,3.00432992,2.879704237,0,7.48661852,7.12624598,6.43106365,0,4.206,4.446,4.383,4.21,72.645,71.111,73.331,73.49,0,0,0,0
Tunisia,68.6,68.3,70.6,72.4,3548.653637,3906.939263,3708.848124,3950.375342,7.265075684,6.679846764,6.804989815,6.733988762,7.05022287,6.97669458,6.96380186,0,17.656,16.611,15.3,15.106,75.004,72.893,76.05,76.508,19.75271205,19.94153356,20.12820176,20.28982419
Turkiye,77.7,81.4,83.4,86,8638.739038,9743.212778,10674.50416,13105.6585,4.033820152,3.537879944,2.614303589,0,4.61640215,4.56065559,3.70338893,0,13.148,11.969,10.465,9.388,76.525,75.722,77.591,77.156,37.58980187,37.85272277,38.06381515,38.45848799
Turkmenistan,0,0,0,0,6592.60146,7051.202111,8156.35212,8232.65226,3.76267004,3.848910093,3.733860016,2.746510029,5.57226086,5.49196625,5.37103748,0,4.501,4.459,4.109,4.099,68.846,69.353,69.913,70.073,0,0,0,0
Turks and Caicos Islands,0,0,0,0,20690.91605,27329.28851,31280.5418,35470.21516,2.420746803,4.106626034,4.109913826,3.135245323,0,0,0,0,0,0,0,0,77.499,77.234,77.918,78.008,0,0,0,0
Tuvalu,61,73.3,73.6,74.3,4976.112541,5905.081981,5911.327271,6344.775019,0,0,0,12.84568977,18.59855461,19.54603577,18.38210106,0,0,0,0,0,66.357,65.824,66.852,67.105,0,0,0,0
Uganda,7.4,10,11.1,15.3,845.7664639,882.7917174,963.0673142,1002.309139,2.572221756,2.635936022,2.561050177,2.551593781,5.23698568,5.48128128,4.39089251,0,3.831,3.422,2.886,2.787,66.41,66.45,67.675,68.252,7.419197703,7.557045784,7.718683426,7.90458421
Ukraine,75,79.2,82.7,82.4,3709.769287,4775.945801,4199.670898,5139.598145,5.382319927,5.140110016,5.933899879,0,7.56217051,8.2027483,0,0,9.475,9.834,0,0,73.283,71.631,72.658,73.422,12.14518196,12.26922316,13.256284,14.43187838
United Arab Emirates,100,100,100,100,37173.87541,43360.0211,49899.0653,49040.69475,3.984179974,3.894030094,0,0,5.82477045,5.30494308,4.67550945,0,4.294,3.105,2.872,2.151,81.936,79.083,80.487,82.909,64.31001555,64.43702408,62.43087205,61.09874223
United Kingdom,94.8,96.2,96.3,96.3,40404.80622,46926.47574,46062.99141,49200.81015,5.439350128,5.904580116,4.959175587,0,11.96547699,12.01903439,11.05087757,10.872015,4.472,4.826,3.73,3.984,80.3317561,80.64731707,81.01121951,81.23809756,27.27429582,27.44645288,27.45495681,27.34766688
United States,90.3,91.3,92.2,93.1,64401.50744,71307.40173,77860.91129,82304.62043,5.399980068,5.428299904,0,0,18.8132534,17.5063858,16.49613953,0,8.055,5.349,3.65,3.638,76.9804878,76.32926829,77.43414634,78.38536585,46.40226702,46.7228266,46.85815889,46.88261394
Upper middle income,70.3,74.1,76.5,78.5,8334.905824,9905.055835,10310.86688,10631.31674,4.296540022,3.888060093,3.733860016,3.682932496,5.945060741,5.801302535,5.633278357,0,6.786163326,6.408266781,6.039347635,5.662411862,75.23155162,74.72761499,76.00928043,76.1953051,28.67124046,29.14385519,29.64895269,30.14864208
Uruguay,85.5,87.6,89.9,89.9,15757.5356,17881.81872,20818.61461,23019.42216,4.542920113,4.460659981,4.507329941,0,9.06924915,8.91666222,8.94532204,0,10.413,9.328,7.877,8.355,78.381,75.434,76.468,78.138,51.55647244,51.81230579,52.11702571,52.3717113
Uzbekistan,71.1,76.6,83.9,89,1978.280519,2258.519641,2578.666894,2878.968793,4.948036671,5.368288994,5.234771729,5.472876072,6.71439123,7.69774151,7.36325455,0,5.293,5.364,4.49,4.46,71.461,71.681,72.147,72.388,7.495245393,7.43248918,7.366442414,7.301751889
Vanuatu,41.4,45.7,45.7,45.7,3042.987116,3211.719473,3292.341088,3515.236336,2.173589945,10.11024094,10.7033453,10.64340019,4.12128973,4.54704428,4.14742947,0,4.046,4.766,5.143,5.082,70.385,69.952,71.302,71.477,0,0,0,0
"Venezuela, RB",0,0,0,0,0,0,0,0,0,0,0,0,4.11615229,4.10222006,4.55047369,0,7.53,7.037,5.707,5.485,72.369,71.536,72.566,72.514,33.48594507,34.06989972,34.44893185,34.69984687
Viet Nam,70.3,74.2,78.6,78.1,3534.039535,3704.193559,4147.697772,4323.35032,3.216528893,2.945174932,2.887386799,0,4.33219814,4.53756857,4.58891582,0,2.103,2.385,1.523,1.645,75.383,74.145,74.502,74.588,17.66278945,18.10642872,18.56062443,19.01605797
Virgin Islands (U.S.),0,0,0,0,39787.37417,42571.07774,44320.90919,0,0,0,0,0,0,0,0,0,15.191,14.273,13.007,12.32,79.8195122,80.06829268,80.3195122,80.5195122,0,0,0,0
West Bank and Gaza,76,82.2,88.6,86.6,3233.568638,3678.635657,3799.95527,3455.028529,0,5.434420109,0,0,10.27610207,10.4347353,9.73336029,0,25.895,26.39,24.42,0,74.998,73.89,76.662,65.17,0,0,0,0
World,58.6,61.7,63.7,65.4,10963.17564,12418.56592,12819.74484,13263.61955,4.441359997,4.24035573,3.774871588,0,10.85762851,10.33915556,9.885794338,0,6.609206744,6.064555526,5.260645445,4.915954069,72.18222395,71.21548417,72.96901572,73.32971628,24.11999696,24.38123775,24.62940991,24.85756431
"Yemen, Rep.",13.8,0,0,0,559.5646758,522.1735117,615.7020777,426.3540759,0,0,0,0,5.77270842,6.17542744,6.18666697,0,17.953,18.287,17.363,17.091,66.435,66.019,67.952,69.295,8.227478267,8.280123736,8.323955005,8.358543324
Zambia,24.5,32.5,32,33,951.6443167,1127.160779,1447.123101,1330.727806,3.949648142,3.106432199,3.58259511,0,6.3067441,6.63951397,5.25592279,0,6.033,5.199,5.995,5.905,63.361,62.363,65.279,66.349,14.55519968,14.82376687,15.09352631,15.35058566
Zimbabwe,29.3,37.1,37.9,38.4,1730.45391,1724.387271,2040.546587,2156.034093,0,0,0,0,2.95440149,2.78571677,3.62880659,0,8.621,9.54,10.087,8.759,61.53,60.135,62.36,62.775,9.853358896,9.760103208,9.694035543,9.657580261
